question,option,center_darkness,core_dark_ratio,disk_dark_ratio,core_mean,paper_mean,ml_filled_probability,ml_blank_probability,ml_ambiguous_probability,crop_center_x,crop_center_y,final_answer,final_status,best_option,best_darkness,second_darkness,top_gap,question_blank_baseline,best_delta,sheet_blank_darkness_median,sheet_blank_darkness_mad,sheet_filled_darkness_threshold,sheet_filled_core_ratio_threshold
1,A,232.82,1.0,0.9311,5.88,238.7,1.0,0.0,0.0,219,824,A,answered,A,232.82,107.86,124.96,89.905,142.915,93.925,9.28,110.0,0.56
1,B,107.86,0.701,0.3672,128.14,236.0,0.9999,0.0,0.0001,256,824,A,answered,A,232.82,107.86,124.96,89.905,142.915,93.925,9.28,110.0,0.56
1,C,79.15,0.4433,0.3082,166.55,245.7,0.9676,0.0,0.0324,292,824,A,answered,A,232.82,107.86,124.96,89.905,142.915,93.925,9.28,110.0,0.56
1,D,100.66,0.6907,0.3311,131.34,232.0,1.0,0.0,0.0,326,824,A,answered,A,232.82,107.86,124.96,89.905,142.915,93.925,9.28,110.0,0.56
2,A,100.25,0.6495,0.2951,135.15,235.4,0.0005,0.0,0.9995,220,854,D,answered,D,233.12,102.28,130.84,90.935,142.185,93.925,9.28,110.0,0.56
2,B,102.28,0.6289,0.341,135.42,237.7,0.999,0.0,0.001,256,854,D,answered,D,233.12,102.28,130.84,90.935,142.185,93.925,9.28,110.0,0.56
2,C,81.62,0.4639,0.341,165.38,247.0,0.9503,0.0,0.0497,292,854,D,answered,D,233.12,102.28,130.84,90.935,142.185,93.925,9.28,110.0,0.56
2,D,233.12,1.0,0.977,5.88,239.0,1.0,0.0,0.0,326,854,D,answered,D,233.12,102.28,130.84,90.935,142.185,93.925,9.28,110.0,0.56
3,A,234.8,1.0,0.8951,6.2,241.0,1.0,0.0,0.0,220,882,A,answered,A,234.8,110.43,124.37,102.24,132.56,93.925,9.28,110.0,0.56
3,B,110.43,0.6598,0.3803,130.97,241.4,0.9997,0.0,0.0003,256,882,A,answered,A,234.8,110.43,124.37,102.24,132.56,93.925,9.28,110.0,0.56
3,C,104.25,0.567,0.3082,144.45,248.7,0.9991,0.0,0.0009,291,882,A,answered,A,234.8,110.43,124.37,102.24,132.56,93.925,9.28,110.0,0.56
3,D,100.23,0.6598,0.341,137.47,237.7,1.0,0.0,0.0,326,882,A,answered,A,234.8,110.43,124.37,102.24,132.56,93.925,9.28,110.0,0.56
4,A,229.05,1.0,0.9443,5.95,235.0,1.0,0.0,0.0,220,911,A,answered,A,229.05,107.0,122.05,100.52,128.53,93.925,9.28,110.0,0.56
4,B,107.0,0.701,0.3738,128.0,235.0,0.9999,0.0,0.0001,256,911,A,answered,A,229.05,107.0,122.05,100.52,128.53,93.925,9.28,110.0,0.56
4,C,96.48,0.5567,0.2787,149.52,246.0,0.9874,0.0001,0.0125,291,911,A,answered,A,229.05,107.0,122.05,100.52,128.53,93.925,9.28,110.0,0.56
4,D,104.56,0.6804,0.341,129.44,234.0,0.9999,0.0,0.0001,326,910,A,answered,A,229.05,107.0,122.05,100.52,128.53,93.925,9.28,110.0,0.56
5,A,104.26,0.6804,0.3049,128.44,232.7,0.0002,0.0,0.9998,220,940,D,answered,D,236.82,107.23,129.59,95.805,141.015,93.925,9.28,110.0,0.56
5,B,107.23,0.6289,0.3344,131.77,239.0,0.9976,0.0,0.0024,256,940,D,answered,D,236.82,107.23,129.59,95.805,141.015,93.925,9.28,110.0,0.56
5,C,87.35,0.5155,0.2689,161.65,249.0,0.9994,0.0,0.0006,291,940,D,answered,D,236.82,107.23,129.59,95.805,141.015,93.925,9.28,110.0,0.56
5,D,236.82,1.0,0.9705,5.88,242.7,1.0,0.0,0.0,326,940,D,answered,D,236.82,107.23,129.59,95.805,141.015,93.925,9.28,110.0,0.56
6,A,108.96,0.701,0.3016,129.74,238.7,0.0,0.0,1.0,220,968,D,answered,D,239.12,109.39,129.73,99.08,140.04,93.925,9.28,110.0,0.56
6,B,109.39,0.701,0.3836,129.31,238.7,0.9976,0.0,0.0024,256,968,D,answered,D,239.12,109.39,129.73,99.08,140.04,93.925,9.28,110.0,0.56
6,C,89.2,0.4948,0.3213,159.8,249.0,0.9802,0.0,0.0198,292,968,D,answered,D,239.12,109.39,129.73,99.08,140.04,93.925,9.28,110.0,0.56
6,D,239.12,1.0,0.9869,5.88,245.0,1.0,0.0,0.0,326,968,D,answered,D,239.12,109.39,129.73,99.08,140.04,93.925,9.28,110.0,0.56
7,A,228.97,1.0,0.9541,6.03,235.0,1.0,0.0,0.0,220,998,A,answered,A,228.97,102.84,126.13,95.6,133.37,93.925,9.28,110.0,0.56
7,B,102.84,0.7113,0.4033,128.16,231.0,1.0,0.0,0.0,256,998,A,answered,A,228.97,102.84,126.13,95.6,133.37,93.925,9.28,110.0,0.56
7,C,95.35,0.5567,0.2754,150.65,246.0,0.7723,0.0004,0.2273,291,997,A,answered,A,228.97,102.84,126.13,95.6,133.37,93.925,9.28,110.0,0.56
7,D,95.85,0.6701,0.377,136.15,232.0,1.0,0.0,0.0,326,998,A,answered,A,228.97,102.84,126.13,95.6,133.37,93.925,9.28,110.0,0.56
8,A,104.76,0.6701,0.2984,130.24,235.0,0.0009,0.0,0.9991,220,1026,B,answered,B,233.75,80.89,152.86,86.855,146.895,93.925,9.28,110.0,0.56
8,B,233.75,1.0,0.9541,5.95,239.7,1.0,0.0,0.0,256,1026,B,answered,B,233.75,80.89,152.86,86.855,146.895,93.925,9.28,110.0,0.56
8,C,80.89,0.4536,0.3246,167.11,248.0,0.9994,0.0,0.0006,292,1026,B,answered,B,233.75,80.89,152.86,86.855,146.895,93.925,9.28,110.0,0.56
8,D,92.82,0.6701,0.3213,144.18,237.0,1.0,0.0,0.0,326,1026,B,answered,B,233.75,80.89,152.86,86.855,146.895,93.925,9.28,110.0,0.56
9,A,110.36,0.6804,0.2918,129.34,239.7,0.0,0.0,1.0,220,1054,C,answered,C,243.97,106.5,137.47,108.12,135.85,93.925,9.28,110.0,0.56
9,B,106.5,0.6804,0.3344,137.2,243.7,0.986,0.0,0.014,256,1054,C,answered,C,243.97,106.5,137.47,108.12,135.85,93.925,9.28,110.0,0.56
9,C,243.97,1.0,0.9246,6.03,250.0,1.0,0.0,0.0,292,1054,C,answered,C,243.97,106.5,137.47,108.12,135.85,93.925,9.28,110.0,0.56
9,D,109.74,0.6701,0.3311,130.26,240.0,0.9999,0.0,0.0001,326,1054,C,answered,C,243.97,106.5,137.47,108.12,135.85,93.925,9.28,110.0,0.56
10,A,95.0,0.6495,0.3443,137.0,232.0,0.0013,0.0,0.9987,220,1084,C,answered,C,243.0,99.25,143.75,93.115,149.885,93.925,9.28,110.0,0.56
10,B,99.25,0.6495,0.3967,136.75,236.0,0.9995,0.0,0.0005,256,1084,C,answered,C,243.0,99.25,143.75,93.115,149.885,93.925,9.28,110.0,0.56
10,C,243.0,1.0,0.9541,6.0,249.0,1.0,0.0,0.0,291,1084,C,answered,C,243.0,99.25,143.75,93.115,149.885,93.925,9.28,110.0,0.56
10,D,91.23,0.5979,0.3672,144.77,236.0,1.0,0.0,0.0,326,1084,C,answered,C,243.0,99.25,143.75,93.115,149.885,93.925,9.28,110.0,0.56
11,A,106.84,0.7113,0.3344,124.86,231.7,0.001,0.0,0.999,220,1112,B,answered,B,233.05,106.84,126.21,91.625,141.425,93.925,9.28,110.0,0.56
11,B,233.05,1.0,0.9311,5.95,239.0,1.0,0.0,0.0,256,1113,B,answered,B,233.05,106.84,126.21,91.625,141.425,93.925,9.28,110.0,0.56
11,C,84.57,0.4639,0.3246,164.43,249.0,0.9999,0.0,0.0001,292,1112,B,answered,B,233.05,106.84,126.21,91.625,141.425,93.925,9.28,110.0,0.56
11,D,98.68,0.6701,0.3246,140.02,238.7,1.0,0.0,0.0,326,1112,B,answered,B,233.05,106.84,126.21,91.625,141.425,93.925,9.28,110.0,0.56
12,A,80.12,0.5567,0.3705,152.58,232.7,0.0001,0.0,0.9999,220,1138,D,answered,D,240.12,80.12,160.0,83.665,156.455,93.925,9.28,110.0,0.56
12,B,108.73,0.6804,0.3377,131.27,240.0,0.9942,0.0,0.0057,256,1140,D,answered,D,240.12,80.12,160.0,83.665,156.455,93.925,9.28,110.0,0.56
12,C,87.21,0.4845,0.3213,163.19,250.4,0.9608,0.0,0.0392,292,1140,D,answered,D,240.12,80.12,160.0,83.665,156.455,93.925,9.28,110.0,0.56
12,D,240.12,1.0,0.9607,5.88,246.0,1.0,0.0,0.0,326,1140,D,answered,D,240.12,80.12,160.0,83.665,156.455,93.925,9.28,110.0,0.56
13,A,233.82,1.0,0.9836,5.88,239.7,1.0,0.0,0.0,220,1170,A,answered,A,233.82,103.62,130.2,77.805,156.015,93.925,9.28,110.0,0.56
13,B,103.62,0.6701,0.3902,133.08,236.7,0.9991,0.0,0.0009,256,1170,A,answered,A,233.82,103.62,130.2,77.805,156.015,93.925,9.28,110.0,0.56
13,C,69.21,0.3918,0.3246,179.19,248.4,0.9559,0.0,0.0441,292,1170,A,answered,A,233.82,103.62,130.2,77.805,156.015,93.925,9.28,110.0,0.56
13,D,86.4,0.5876,0.3311,149.6,236.0,0.9999,0.0,0.0001,326,1170,A,answered,A,233.82,103.62,130.2,77.805,156.015,93.925,9.28,110.0,0.56
14,A,102.85,0.6392,0.2885,135.15,238.0,0.0003,0.0,0.9997,220,1199,C,answered,C,245.05,106.61,138.44,98.285,146.765,93.925,9.28,110.0,0.56
14,B,106.61,0.6289,0.3508,134.09,240.7,0.9982,0.0,0.0018,256,1199,C,answered,C,245.05,106.61,138.44,98.285,146.765,93.925,9.28,110.0,0.56
14,C,245.05,1.0,0.9475,5.95,251.0,1.0,0.0,0.0,291,1199,C,answered,C,245.05,106.61,138.44,98.285,146.765,93.925,9.28,110.0,0.56
14,D,93.72,0.6289,0.3049,145.98,239.7,1.0,0.0,0.0,326,1199,C,answered,C,245.05,106.61,138.44,98.285,146.765,93.925,9.28,110.0,0.56
15,A,70.13,0.5258,0.3672,158.87,229.0,0.0001,0.0,0.9999,220,1224,B,answered,B,238.05,70.13,167.92,78.07,159.98,93.925,9.28,110.0,0.56
15,B,238.05,1.0,0.9902,5.95,244.0,1.0,0.0,0.0,256,1226,B,answered,B,238.05,70.13,167.92,78.07,159.98,93.925,9.28,110.0,0.56
15,C,86.01,0.4536,0.318,165.99,252.0,0.9863,0.0,0.0137,292,1226,B,answered,B,238.05,70.13,167.92,78.07,159.98,93.925,9.28,110.0,0.56
15,D,101.54,0.6701,0.318,140.16,241.7,0.9997,0.0,0.0003,326,1226,B,answered,B,238.05,70.13,167.92,78.07,159.98,93.925,9.28,110.0,0.56
16,A,95.09,0.6495,0.3279,131.91,227.0,0.0002,0.0,0.9998,220,1256,C,answered,C,244.0,98.98,145.02,91.035,152.965,93.925,9.28,110.0,0.56
16,B,98.98,0.6701,0.3803,135.42,234.4,0.997,0.0,0.003,256,1256,C,answered,C,244.0,98.98,145.02,91.035,152.965,93.925,9.28,110.0,0.56
16,C,244.0,1.0,0.9148,6.0,250.0,1.0,0.0,0.0,291,1256,C,answered,C,244.0,98.98,145.02,91.035,152.965,93.925,9.28,110.0,0.56
16,D,86.98,0.6186,0.3213,148.02,235.0,1.0,0.0,0.0,326,1256,C,answered,C,244.0,98.98,145.02,91.035,152.965,93.925,9.28,110.0,0.56
17,A,233.82,1.0,0.9869,5.88,239.7,1.0,0.0,0.0,220,1285,A,answered,A,233.82,96.51,137.31,80.28,153.54,93.925,9.28,110.0,0.56
17,B,96.51,0.6392,0.377,137.19,233.7,0.9991,0.0,0.0009,256,1286,A,answered,A,233.82,96.51,137.31,80.28,153.54,93.925,9.28,110.0,0.56
17,C,82.03,0.4433,0.2951,167.67,249.7,1.0,0.0,0.0,291,1286,A,answered,A,233.82,96.51,137.31,80.28,153.54,93.925,9.28,110.0,0.56
17,D,78.53,0.5464,0.3049,157.47,236.0,0.9999,0.0,0.0001,326,1286,A,answered,A,233.82,96.51,137.31,80.28,153.54,93.925,9.28,110.0,0.56
18,A,113.45,0.6804,0.3115,128.55,242.0,0.0,0.0,1.0,220,1313,B,answered,B,236.82,100.78,136.04,102.005,134.815,93.925,9.28,110.0,0.56
18,B,236.82,1.0,0.9705,5.88,242.7,1.0,0.0,0.0,256,1312,B,answered,B,236.82,100.78,136.04,102.005,134.815,93.925,9.28,110.0,0.56
18,C,103.23,0.5464,0.2754,148.77,252.0,0.9203,0.0002,0.0796,291,1313,B,answered,B,236.82,100.78,136.04,102.005,134.815,93.925,9.28,110.0,0.56
18,D,100.78,0.6598,0.3246,141.22,242.0,0.9998,0.0,0.0002,326,1313,B,answered,B,236.82,100.78,136.04,102.005,134.815,93.925,9.28,110.0,0.56
19,A,100.87,0.6598,0.3115,132.13,233.0,0.0009,0.0,0.9991,220,1342,C,answered,C,242.05,98.86,143.19,95.83,146.22,93.925,9.28,110.0,0.56
19,B,98.86,0.6495,0.3541,136.14,235.0,0.9999,0.0,0.0001,256,1342,C,answered,C,242.05,98.86,143.19,95.83,146.22,93.925,9.28,110.0,0.56
19,C,242.05,1.0,0.9672,5.95,248.0,1.0,0.0,0.0,291,1342,C,answered,C,242.05,98.86,143.19,95.83,146.22,93.925,9.28,110.0,0.56
19,D,92.8,0.6392,0.3115,145.2,238.0,1.0,0.0,0.0,326,1342,C,answered,C,242.05,98.86,143.19,95.83,146.22,93.925,9.28,110.0,0.56
20,A,118.41,0.7216,0.4197,124.59,243.0,0.3307,0.0,0.6693,220,1369,C,answered,C,249.05,118.41,130.64,116.365,132.685,93.925,9.28,110.0,0.56
20,B,120.59,0.7216,0.4033,125.41,246.0,0.9999,0.0,0.0001,256,1370,C,answered,C,249.05,118.41,130.64,116.365,132.685,93.925,9.28,110.0,0.56
20,C,249.05,1.0,0.9902,5.95,255.0,1.0,0.0,0.0,292,1370,C,answered,C,249.05,118.41,130.64,116.365,132.685,93.925,9.28,110.0,0.56
20,D,114.32,0.6804,0.3672,130.38,244.7,1.0,0.0,0.0,326,1370,C,answered,C,249.05,118.41,130.64,116.365,132.685,93.925,9.28,110.0,0.56
21,A,98.21,0.6392,0.3246,137.79,236.0,0.0001,0.0,0.9999,220,1398,D,answered,D,237.12,108.93,128.19,100.66,136.46,93.925,9.28,110.0,0.56
21,B,108.93,0.701,0.3902,128.07,237.0,1.0,0.0,0.0,256,1400,D,answered,D,237.12,108.93,128.19,100.66,136.46,93.925,9.28,110.0,0.56
21,C,103.11,0.5773,0.2656,148.89,252.0,0.9848,0.0001,0.0151,291,1399,D,answered,D,237.12,108.93,128.19,100.66,136.46,93.925,9.28,110.0,0.56
21,D,237.12,1.0,0.9639,5.88,243.0,1.0,0.0,0.0,326,1398,D,answered,D,237.12,108.93,128.19,100.66,136.46,93.925,9.28,110.0,0.56
22,A,101.92,0.6495,0.3082,131.08,233.0,0.0006,0.0,0.9994,220,1428,B,answered,B,231.05,101.92,129.13,90.585,140.465,93.925,9.28,110.0,0.56
22,B,231.05,1.0,0.941,5.95,237.0,1.0,0.0,0.0,256,1429,B,answered,B,231.05,101.92,129.13,90.585,140.465,93.925,9.28,110.0,0.56
22,C,91.12,0.5258,0.2623,157.58,248.7,0.9997,0.0,0.0003,291,1428,B,answered,B,231.05,101.92,129.13,90.585,140.465,93.925,9.28,110.0,0.56
22,D,90.05,0.6392,0.3016,145.95,236.0,1.0,0.0,0.0,326,1428,B,answered,B,231.05,101.92,129.13,90.585,140.465,93.925,9.28,110.0,0.56
23,A,242.12,1.0,1.0,5.88,248.0,1.0,0.0,0.0,220,1457,A,answered,A,242.12,124.26,117.86,109.04,133.08,93.925,9.28,110.0,0.56
23,B,124.26,0.7216,0.4033,121.44,245.7,1.0,0.0,0.0,256,1456,A,answered,A,242.12,124.26,117.86,109.04,133.08,93.925,9.28,110.0,0.56
23,C,108.54,0.5979,0.3672,146.46,255.0,1.0,0.0,0.0,291,1457,A,answered,A,242.12,124.26,117.86,109.04,133.08,93.925,9.28,110.0,0.56
23,D,109.54,0.6701,0.3607,138.46,248.0,1.0,0.0,0.0,326,1456,A,answered,A,242.12,124.26,117.86,109.04,133.08,93.925,9.28,110.0,0.56
24,A,97.92,0.6289,0.3377,140.78,238.7,0.0011,0.0,0.9989,220,1484,B,answered,B,239.12,102.84,136.28,100.38,138.74,93.925,9.28,110.0,0.56
24,B,239.12,1.0,0.9869,5.88,245.0,1.0,0.0,0.0,256,1486,B,answered,B,239.12,102.84,136.28,100.38,138.74,93.925,9.28,110.0,0.56
24,C,105.74,0.5773,0.3115,145.66,251.4,0.9991,0.0,0.0009,291,1486,B,answered,B,239.12,102.84,136.28,100.38,138.74,93.925,9.28,110.0,0.56
24,D,102.84,0.6495,0.3475,138.86,241.7,1.0,0.0,0.0,326,1486,B,answered,B,239.12,102.84,136.28,100.38,138.74,93.925,9.28,110.0,0.56
25,A,91.51,0.6289,0.3115,139.49,231.0,0.0002,0.0,0.9998,220,1515,B,answered,B,231.05,99.62,131.43,86.755,144.295,93.925,9.28,110.0,0.56
25,B,231.05,1.0,0.9574,5.95,237.0,1.0,0.0,0.0,256,1516,B,answered,B,231.05,99.62,131.43,86.755,144.295,93.925,9.28,110.0,0.56
25,C,82.0,0.4639,0.2787,166.0,248.0,0.996,0.0,0.004,291,1515,B,answered,B,231.05,99.62,131.43,86.755,144.295,93.925,9.28,110.0,0.56
25,D,99.62,0.6701,0.318,137.08,236.7,1.0,0.0,0.0,326,1514,B,answered,B,231.05,99.62,131.43,86.755,144.295,93.925,9.28,110.0,0.56
26,A,106.77,0.6495,0.3803,133.23,240.0,0.0374,0.0001,0.9625,220,1544,C,answered,C,246.56,114.57,131.99,101.505,145.055,93.925,9.28,110.0,0.56
26,B,114.57,0.6701,0.4361,127.13,241.7,1.0,0.0,0.0,256,1544,C,answered,C,246.56,114.57,131.99,101.505,145.055,93.925,9.28,110.0,0.56
26,C,246.56,1.0,0.9541,6.44,253.0,1.0,0.0,0.0,292,1544,C,answered,C,246.56,114.57,131.99,101.505,145.055,93.925,9.28,110.0,0.56
26,D,96.24,0.6495,0.3738,146.76,243.0,1.0,0.0,0.0,326,1544,C,answered,C,246.56,114.57,131.99,101.505,145.055,93.925,9.28,110.0,0.56
27,A,106.15,0.6598,0.3016,130.85,237.0,0.0002,0.0,0.9998,220,1572,B,answered,B,234.05,99.86,134.19,101.24,132.81,93.925,9.28,110.0,0.56
27,B,234.05,1.0,0.9213,5.95,240.0,1.0,0.0,0.0,256,1572,B,answered,B,234.05,99.86,134.19,101.24,132.81,93.925,9.28,110.0,0.56
27,C,102.62,0.567,0.2885,146.38,249.0,0.9995,0.0,0.0005,291,1572,B,answered,B,234.05,99.86,134.19,101.24,132.81,93.925,9.28,110.0,0.56
27,D,99.86,0.6701,0.3049,141.14,241.0,1.0,0.0,0.0,326,1572,B,answered,B,234.05,99.86,134.19,101.24,132.81,93.925,9.28,110.0,0.56
28,A,86.76,0.5464,0.3016,149.24,236.0,0.4643,0.0,0.5356,220,1602,D,answered,D,239.12,99.39,139.73,90.94,148.18,93.925,9.28,110.0,0.56
28,B,99.39,0.6392,0.4098,136.31,235.7,0.9998,0.0,0.0002,256,1602,D,answered,D,239.12,99.39,139.73,90.94,148.18,93.925,9.28,110.0,0.56
28,C,95.12,0.5258,0.2885,156.58,251.7,0.9994,0.0,0.0006,291,1601,D,answered,D,239.12,99.39,139.73,90.94,148.18,93.925,9.28,110.0,0.56
28,D,239.12,1.0,0.9836,5.88,245.0,1.0,0.0,0.0,326,1601,D,answered,D,239.12,99.39,139.73,90.94,148.18,93.925,9.28,110.0,0.56
29,A,115.32,0.6701,0.3705,126.38,241.7,0.3727,0.0,0.6273,220,1628,C,answered,C,246.99,108.87,138.12,106.675,140.315,93.925,9.28,110.0,0.56
29,B,108.87,0.7113,0.4295,133.13,242.0,1.0,0.0,0.0,256,1630,C,answered,C,246.99,108.87,138.12,106.675,140.315,93.925,9.28,110.0,0.56
29,C,246.99,1.0,0.9902,6.01,253.0,1.0,0.0,0.0,292,1630,C,answered,C,246.99,108.87,138.12,106.675,140.315,93.925,9.28,110.0,0.56
29,D,104.48,0.6701,0.3836,140.22,244.7,1.0,0.0,0.0,326,1630,C,answered,C,246.99,108.87,138.12,106.675,140.315,93.925,9.28,110.0,0.56
30,A,104.86,0.6701,0.3082,130.14,235.0,0.0001,0.0,0.9999,220,1658,C,answered,C,242.05,106.99,135.06,101.91,140.14,93.925,9.28,110.0,0.56
30,B,106.99,0.7216,0.3541,127.71,234.7,0.9972,0.0,0.0028,256,1658,C,answered,C,242.05,106.99,135.06,101.91,140.14,93.925,9.28,110.0,0.56
30,C,242.05,1.0,0.9607,5.95,248.0,1.0,0.0,0.0,291,1658,C,answered,C,242.05,106.99,135.06,101.91,140.14,93.925,9.28,110.0,0.56
30,D,98.96,0.6701,0.3049,136.04,235.0,0.9999,0.0,0.0001,326,1658,C,answered,C,242.05,106.99,135.06,101.91,140.14,93.925,9.28,110.0,0.56
31,A,99.89,0.6186,0.3279,138.11,238.0,0.0441,0.0,0.9559,220,1688,B,answered,B,234.96,83.62,151.34,82.035,152.925,93.925,9.28,110.0,0.56
31,B,234.96,1.0,0.8984,6.04,241.0,1.0,0.0,0.0,256,1688,B,answered,B,234.96,83.62,151.34,82.035,152.925,93.925,9.28,110.0,0.56
31,C,80.45,0.4124,0.2918,170.25,250.7,0.9996,0.0,0.0004,291,1688,B,answered,B,234.96,83.62,151.34,82.035,152.925,93.925,9.28,110.0,0.56
31,D,83.62,0.5876,0.341,155.08,238.7,0.9998,0.0,0.0002,326,1688,B,answered,B,234.96,83.62,151.34,82.035,152.925,93.925,9.28,110.0,0.56
32,A,111.82,0.6495,0.3443,131.88,243.7,0.5148,0.0001,0.4851,220,1716,B,answered,B,240.05,106.01,134.04,103.48,136.57,93.925,9.28,110.0,0.56
32,B,240.05,1.0,0.9738,5.95,246.0,1.0,0.0,0.0,256,1716,B,answered,B,240.05,106.01,134.04,103.48,136.57,93.925,9.28,110.0,0.56
32,C,106.01,0.5979,0.377,148.99,255.0,1.0,0.0,0.0,291,1716,B,answered,B,240.05,106.01,134.04,103.48,136.57,93.925,9.28,110.0,0.56
32,D,100.95,0.6495,0.3377,145.05,246.0,1.0,0.0,0.0,326,1716,B,answered,B,240.05,106.01,134.04,103.48,136.57,93.925,9.28,110.0,0.56
33,A,233.05,1.0,0.9738,5.95,239.0,1.0,0.0,0.0,220,1744,A,answered,A,233.05,108.21,124.84,99.195,133.855,93.925,9.28,110.0,0.56
33,B,108.21,0.6701,0.3574,128.49,236.7,0.9982,0.0,0.0018,256,1744,A,answered,A,233.05,108.21,124.84,99.195,133.855,93.925,9.28,110.0,0.56
33,C,99.04,0.5876,0.2885,146.96,246.0,0.9071,0.0002,0.0926,291,1744,A,answered,A,233.05,108.21,124.84,99.195,133.855,93.925,9.28,110.0,0.56
33,D,99.35,0.6701,0.3049,136.35,235.7,0.9981,0.0,0.0018,326,1744,A,answered,A,233.05,108.21,124.84,99.195,133.855,93.925,9.28,110.0,0.56
34,A,231.7,1.0,0.918,6.0,237.7,1.0,0.0,0.0,220,1774,A,answered,A,231.7,100.84,130.86,83.39,148.31,93.925,9.28,110.0,0.56
34,B,100.84,0.6392,0.3705,138.16,239.0,0.9996,0.0,0.0004,256,1774,A,answered,A,231.7,100.84,130.86,83.39,148.31,93.925,9.28,110.0,0.56
34,C,83.63,0.4845,0.3016,165.37,249.0,0.9955,0.0,0.0045,291,1774,A,answered,A,231.7,100.84,130.86,83.39,148.31,93.925,9.28,110.0,0.56
34,D,83.15,0.6082,0.3377,150.85,234.0,0.9999,0.0,0.0001,326,1774,A,answered,A,231.7,100.84,130.86,83.39,148.31,93.925,9.28,110.0,0.56
35,A,237.05,1.0,0.9574,5.95,243.0,1.0,0.0,0.0,220,1801,A,answered,A,237.05,116.47,120.58,105.025,132.025,93.925,9.28,110.0,0.56
35,B,116.47,0.7113,0.3443,125.23,241.7,0.9936,0.0,0.0064,256,1801,A,answered,A,237.05,116.47,120.58,105.025,132.025,93.925,9.28,110.0,0.56
35,C,106.15,0.567,0.2754,145.85,252.0,0.9917,0.0,0.0083,291,1801,A,answered,A,237.05,116.47,120.58,105.025,132.025,93.925,9.28,110.0,0.56
35,D,103.9,0.6701,0.2984,136.1,240.0,0.9995,0.0,0.0005,326,1801,A,answered,A,237.05,116.47,120.58,105.025,132.025,93.925,9.28,110.0,0.56
36,A,232.87,1.0,0.8918,6.13,239.0,1.0,0.0,0.0,220,1831,A,answered,A,232.87,110.62,122.25,96.48,136.39,93.925,9.28,110.0,0.56
36,B,110.62,0.701,0.3803,125.38,236.0,0.9997,0.0,0.0003,256,1830,A,answered,A,232.87,110.62,122.25,96.48,136.39,93.925,9.28,110.0,0.56
36,C,98.99,0.567,0.2951,147.71,246.7,0.999,0.0,0.001,291,1831,A,answered,A,232.87,110.62,122.25,96.48,136.39,93.925,9.28,110.0,0.56
36,D,93.97,0.6495,0.3311,141.03,235.0,1.0,0.0,0.0,326,1831,A,answered,A,232.87,110.62,122.25,96.48,136.39,93.925,9.28,110.0,0.56
37,A,94.09,0.6082,0.2787,141.91,236.0,0.0213,0.0002,0.9786,220,1860,B,answered,B,234.82,87.2,147.62,85.38,149.44,93.925,9.28,110.0,0.56
37,B,234.82,1.0,0.9443,5.88,240.7,1.0,0.0,0.0,256,1860,B,answered,B,234.82,87.2,147.62,85.38,149.44,93.925,9.28,110.0,0.56
37,C,83.56,0.5052,0.2787,165.44,249.0,0.9988,0.0,0.0011,291,1860,B,answered,B,234.82,87.2,147.62,85.38,149.44,93.925,9.28,110.0,0.56
37,D,87.2,0.6082,0.3082,150.8,238.0,0.9999,0.0,0.0001,326,1860,B,answered,B,234.82,87.2,147.62,85.38,149.44,93.925,9.28,110.0,0.56
38,A,240.0,1.0,0.9443,6.0,246.0,1.0,0.0,0.0,220,1888,A,answered,A,240.0,120.11,119.89,108.265,131.735,93.925,9.28,110.0,0.56
38,B,120.11,0.7216,0.3869,123.89,244.0,0.9987,0.0,0.0013,256,1888,A,answered,A,240.0,120.11,119.89,108.265,131.735,93.925,9.28,110.0,0.56
38,C,103.9,0.5773,0.3049,148.1,252.0,0.9845,0.0,0.0155,291,1888,A,answered,A,240.0,120.11,119.89,108.265,131.735,93.925,9.28,110.0,0.56
38,D,112.63,0.6804,0.3574,130.07,242.7,1.0,0.0,0.0,326,1888,A,answered,A,240.0,120.11,119.89,108.265,131.735,93.925,9.28,110.0,0.56
39,A,108.34,0.6701,0.2885,129.76,238.1,0.4662,0.0017,0.532,219,1917,D,answered,D,234.12,108.43,125.69,105.455,128.665,93.925,9.28,110.0,0.56
39,B,108.43,0.6392,0.3213,131.57,240.0,0.9989,0.0,0.0011,256,1917,D,answered,D,234.12,108.43,125.69,105.455,128.665,93.925,9.28,110.0,0.56
39,C,102.57,0.5773,0.2787,149.43,252.0,0.9966,0.0,0.0033,291,1917,D,answered,D,234.12,108.43,125.69,105.455,128.665,93.925,9.28,110.0,0.56
39,D,234.12,1.0,0.9738,5.88,240.0,1.0,0.0,0.0,326,1916,D,answered,D,234.12,108.43,125.69,105.455,128.665,93.925,9.28,110.0,0.56
40,A,105.22,0.6289,0.2951,135.78,241.0,0.0022,0.0,0.9977,220,1946,B,answered,B,237.82,94.75,143.07,92.095,145.725,93.925,9.28,110.0,0.56
40,B,237.82,1.0,0.9672,5.88,243.7,1.0,0.0,0.0,256,1946,B,answered,B,237.82,94.75,143.07,92.095,145.725,93.925,9.28,110.0,0.56
40,C,89.44,0.5155,0.259,162.56,252.0,0.9999,0.0,0.0001,291,1946,B,answered,B,237.82,94.75,143.07,92.095,145.725,93.925,9.28,110.0,0.56
40,D,94.75,0.6392,0.3115,145.25,240.0,1.0,0.0,0.0,326,1946,B,answered,B,237.82,94.75,143.07,92.095,145.725,93.925,9.28,110.0,0.56
41,A,114.19,0.6701,0.3049,127.81,242.0,0.0004,0.0,0.9995,220,1974,B,answered,B,236.12,104.23,131.89,105.09,131.03,93.925,9.28,110.0,0.56
41,B,236.12,1.0,0.9738,5.88,242.0,1.0,0.0,0.0,256,1974,B,answered,B,236.12,104.23,131.89,105.09,131.03,93.925,9.28,110.0,0.56
41,C,105.95,0.5567,0.282,146.05,252.0,0.9976,0.0,0.0023,291,1974,B,answered,B,236.12,104.23,131.89,105.09,131.03,93.925,9.28,110.0,0.56
41,D,104.23,0.6701,0.3344,135.77,240.0,0.9998,0.0,0.0002,326,1974,B,answered,B,236.12,104.23,131.89,105.09,131.03,93.925,9.28,110.0,0.56
42,A,99.6,0.6392,0.2885,139.4,239.0,0.0131,0.0001,0.9869,220,2003,B,answered,B,235.88,90.1,145.78,90.39,145.49,93.925,9.28,110.0,0.56
42,B,235.88,1.0,0.9049,6.12,242.0,1.0,0.0,0.0,256,2004,B,answered,B,235.88,90.1,145.78,90.39,145.49,93.925,9.28,110.0,0.56
42,C,90.68,0.5258,0.2721,160.02,250.7,0.9999,0.0,0.0001,291,2003,B,answered,B,235.88,90.1,145.78,90.39,145.49,93.925,9.28,110.0,0.56
42,D,90.1,0.5979,0.2951,148.9,239.0,1.0,0.0,0.0,326,2003,B,answered,B,235.88,90.1,145.78,90.39,145.49,93.925,9.28,110.0,0.56
43,A,107.08,0.6495,0.3016,130.92,238.0,0.0003,0.0,0.9996,220,2032,C,answered,C,244.05,107.67,136.38,104.795,139.255,93.925,9.28,110.0,0.56
43,B,107.67,0.6289,0.3377,134.03,241.7,0.9999,0.0,0.0001,256,2032,C,answered,C,244.05,107.67,136.38,104.795,139.255,93.925,9.28,110.0,0.56
43,C,244.05,1.0,0.9639,5.95,250.0,1.0,0.0,0.0,291,2033,C,answered,C,244.05,107.67,136.38,104.795,139.255,93.925,9.28,110.0,0.56
43,D,102.51,0.6804,0.3279,136.49,239.0,1.0,0.0,0.0,326,2032,C,answered,C,244.05,107.67,136.38,104.795,139.255,93.925,9.28,110.0,0.56
44,A,235.05,1.0,0.9803,5.95,241.0,1.0,0.0,0.0,220,2060,A,answered,A,235.05,111.65,123.4,104.24,130.81,93.925,9.28,110.0,0.56
44,B,111.65,0.6701,0.3344,130.05,241.7,0.9984,0.0,0.0016,256,2060,A,answered,A,235.05,111.65,123.4,104.24,130.81,93.925,9.28,110.0,0.56
44,C,105.07,0.5773,0.2656,146.93,252.0,0.9976,0.0,0.0024,291,2060,A,answered,A,235.05,111.65,123.4,104.24,130.81,93.925,9.28,110.0,0.56
44,D,103.41,0.6701,0.3213,135.59,239.0,0.9958,0.0,0.0042,326,2060,A,answered,A,235.05,111.65,123.4,104.24,130.81,93.925,9.28,110.0,0.56
45,A,106.38,0.6289,0.2918,133.62,240.0,0.0023,0.0,0.9977,220,2089,D,answered,D,242.75,113.91,128.84,101.69,141.06,93.925,9.28,110.0,0.56
45,B,113.91,0.6907,0.3639,127.09,241.0,1.0,0.0,0.0,256,2089,D,answered,D,242.75,113.91,128.84,101.69,141.06,93.925,9.28,110.0,0.56
45,C,97.0,0.5567,0.2689,155.0,252.0,0.9999,0.0,0.0001,291,2089,D,answered,D,242.75,113.91,128.84,101.69,141.06,93.925,9.28,110.0,0.56
45,D,242.75,1.0,0.9049,5.95,248.7,1.0,0.0,0.0,326,2090,D,answered,D,242.75,113.91,128.84,101.69,141.06,93.925,9.28,110.0,0.56
46,A,91.12,0.5361,0.377,157.88,249.0,0.5697,0.0004,0.4299,584,822,B,answered,B,226.44,91.12,135.32,80.275,146.165,93.925,9.28,110.0,0.56
46,B,226.44,0.9897,0.8328,20.56,247.0,1.0,0.0,0.0,620,821,B,answered,B,226.44,91.12,135.32,80.275,146.165,93.925,9.28,110.0,0.56
46,C,80.03,0.5258,0.2459,154.97,235.0,0.9527,0.0001,0.0471,655,824,B,answered,B,226.44,91.12,135.32,80.275,146.165,93.925,9.28,110.0,0.56
46,D,80.52,0.567,0.3049,155.18,235.7,0.9994,0.0,0.0006,692,824,B,answered,B,226.44,91.12,135.32,80.275,146.165,93.925,9.28,110.0,0.56
47,A,114.35,0.6598,0.3213,134.65,249.0,0.0958,0.0001,0.9041,584,854,B,answered,B,232.9,114.35,118.55,83.915,148.985,93.925,9.28,110.0,0.56
47,B,232.9,1.0,0.8787,6.1,239.0,1.0,0.0,0.0,620,854,B,answered,B,232.9,114.35,118.55,83.915,148.985,93.925,9.28,110.0,0.56
47,C,86.6,0.5773,0.2885,152.4,239.0,0.9991,0.0,0.0009,655,854,B,answered,B,232.9,114.35,118.55,83.915,148.985,93.925,9.28,110.0,0.56
47,D,81.23,0.4948,0.3016,159.77,241.0,0.9979,0.0,0.0021,692,854,B,answered,B,232.9,114.35,118.55,83.915,148.985,93.925,9.28,110.0,0.56
48,A,243.5,1.0,0.9049,6.2,249.7,1.0,0.0,0.0,584,882,A,answered,A,243.5,128.61,114.89,91.25,152.25,93.925,9.28,110.0,0.56
48,B,128.61,0.8041,0.4033,111.39,240.0,0.9947,0.0,0.0053,619,882,A,answered,A,243.5,128.61,114.89,91.25,152.25,93.925,9.28,110.0,0.56
48,C,95.09,0.5876,0.2951,143.91,239.0,0.9969,0.0,0.0031,655,882,A,answered,A,243.5,128.61,114.89,91.25,152.25,93.925,9.28,110.0,0.56
48,D,87.41,0.567,0.3377,151.59,239.0,0.9761,0.0001,0.0238,692,882,A,answered,A,243.5,128.61,114.89,91.25,152.25,93.925,9.28,110.0,0.56
49,A,114.04,0.6495,0.3377,131.96,246.0,0.3178,0.0001,0.6821,584,910,B,answered,B,232.5,114.04,118.46,88.05,144.45,93.925,9.28,110.0,0.56
49,B,232.5,1.0,0.8787,6.2,238.7,1.0,0.0,0.0,620,911,B,answered,B,232.5,114.04,118.46,88.05,144.45,93.925,9.28,110.0,0.56
49,C,91.43,0.6082,0.2787,142.57,234.0,0.9233,0.0,0.0766,655,911,B,answered,B,232.5,114.04,118.46,88.05,144.45,93.925,9.28,110.0,0.56
49,D,84.67,0.5876,0.3377,146.03,230.7,0.9961,0.0,0.0039,692,910,B,answered,B,232.5,114.04,118.46,88.05,144.45,93.925,9.28,110.0,0.56
50,A,245.75,1.0,0.9738,5.95,251.7,1.0,0.0,0.0,584,940,A,answered,A,245.75,118.39,127.36,81.655,164.095,93.925,9.28,110.0,0.56
50,B,118.39,0.7423,0.341,119.61,238.0,0.9926,0.0,0.0074,619,940,A,answered,A,245.75,118.39,127.36,81.655,164.095,93.925,9.28,110.0,0.56
50,C,86.27,0.567,0.2787,151.43,237.7,0.996,0.0,0.004,655,940,A,answered,A,245.75,118.39,127.36,81.655,164.095,93.925,9.28,110.0,0.56
50,D,77.04,0.5155,0.2984,157.66,234.7,0.985,0.0,0.015,692,940,A,answered,A,245.75,118.39,127.36,81.655,164.095,93.925,9.28,110.0,0.56
51,A,116.81,0.6701,0.3246,135.19,252.0,0.0311,0.0004,0.9685,584,968,B,answered,B,235.62,93.73,141.89,96.705,138.915,93.925,9.28,110.0,0.56
51,B,235.62,1.0,0.8984,6.08,241.7,1.0,0.0,0.0,620,968,B,answered,B,235.62,93.73,141.89,96.705,138.915,93.925,9.28,110.0,0.56
51,C,99.68,0.6186,0.2852,141.02,240.7,0.9795,0.0,0.0205,655,968,B,answered,B,235.62,93.73,141.89,96.705,138.915,93.925,9.28,110.0,0.56
51,D,93.73,0.6186,0.3377,146.27,240.0,0.8398,0.0002,0.1601,692,968,B,answered,B,235.62,93.73,141.89,96.705,138.915,93.925,9.28,110.0,0.56
52,A,109.18,0.6392,0.3574,136.82,246.0,0.7439,0.0003,0.2558,584,998,D,answered,D,232.75,120.45,112.3,98.215,134.535,93.925,9.28,110.0,0.56
52,B,120.45,0.8144,0.4262,114.25,234.7,0.9997,0.0,0.0003,619,998,D,answered,D,232.75,120.45,112.3,98.215,134.535,93.925,9.28,110.0,0.56
52,C,87.25,0.6082,0.3115,144.45,231.7,0.9972,0.0,0.0028,655,998,D,answered,D,232.75,120.45,112.3,98.215,134.535,93.925,9.28,110.0,0.56
52,D,232.75,1.0,0.9672,5.95,238.7,1.0,0.0,0.0,692,997,D,answered,D,232.75,120.45,112.3,98.215,134.535,93.925,9.28,110.0,0.56
53,A,244.05,1.0,0.9607,5.95,250.0,1.0,0.0,0.0,584,1026,A,answered,A,244.05,115.31,128.74,83.725,160.325,93.925,9.28,110.0,0.56
53,B,115.31,0.7938,0.3672,120.69,236.0,0.9928,0.0,0.0072,619,1026,A,answered,A,244.05,115.31,128.74,83.725,160.325,93.925,9.28,110.0,0.56
53,C,86.62,0.567,0.2623,151.08,237.7,0.9997,0.0,0.0003,655,1026,A,answered,A,244.05,115.31,128.74,83.725,160.325,93.925,9.28,110.0,0.56
53,D,80.83,0.567,0.3246,154.87,235.7,0.9994,0.0,0.0006,692,1026,A,answered,A,244.05,115.31,128.74,83.725,160.325,93.925,9.28,110.0,0.56
54,A,119.02,0.6804,0.3213,132.38,251.4,0.0157,0.0002,0.9842,584,1054,D,answered,D,242.0,129.79,112.21,107.66,134.34,93.925,9.28,110.0,0.56
54,B,129.79,0.8454,0.3869,108.21,238.0,0.4344,0.0001,0.5655,619,1054,D,answered,D,242.0,129.79,112.21,107.66,134.34,93.925,9.28,110.0,0.56
54,C,96.3,0.5979,0.2557,146.7,243.0,0.9989,0.0,0.0011,655,1054,D,answered,D,242.0,129.79,112.21,107.66,134.34,93.925,9.28,110.0,0.56
54,D,242.0,1.0,0.9344,6.0,248.0,1.0,0.0,0.0,692,1054,D,answered,D,242.0,129.79,112.21,107.66,134.34,93.925,9.28,110.0,0.56
55,A,105.98,0.6289,0.3541,140.02,246.0,0.8787,0.0002,0.1212,584,1084,C,answered,C,233.12,108.71,124.41,87.62,145.5,93.925,9.28,110.0,0.56
55,B,108.71,0.7526,0.423,125.29,234.0,0.9996,0.0,0.0004,619,1084,C,answered,C,233.12,108.71,124.41,87.62,145.5,93.925,9.28,110.0,0.56
55,C,233.12,1.0,0.9836,5.88,239.0,1.0,0.0,0.0,655,1083,C,answered,C,233.12,108.71,124.41,87.62,145.5,93.925,9.28,110.0,0.56
55,D,69.26,0.4742,0.3344,164.74,234.0,0.9981,0.0,0.0019,692,1084,C,answered,C,233.12,108.71,124.41,87.62,145.5,93.925,9.28,110.0,0.56
56,A,117.86,0.6907,0.341,131.14,249.0,0.8575,0.0002,0.1424,584,1112,B,answered,B,231.63,117.86,113.77,86.575,145.055,93.925,9.28,110.0,0.56
56,B,231.63,1.0,0.8951,6.07,237.7,1.0,0.0,0.0,620,1112,B,answered,B,231.63,117.86,113.77,86.575,145.055,93.925,9.28,110.0,0.56
56,C,89.48,0.6082,0.2885,145.22,234.7,0.9997,0.0,0.0003,655,1112,B,answered,B,231.63,117.86,113.77,86.575,145.055,93.925,9.28,110.0,0.56
56,D,83.67,0.5773,0.3311,151.33,235.0,0.9999,0.0,0.0001,692,1112,B,answered,B,231.63,117.86,113.77,86.575,145.055,93.925,9.28,110.0,0.56
57,A,89.38,0.5258,0.3639,157.32,246.7,0.47,0.0004,0.5295,584,1138,B,answered,B,239.44,89.38,150.06,92.245,147.195,93.925,9.28,110.0,0.56
57,B,239.44,1.0,0.8787,6.56,246.0,1.0,0.0,0.0,620,1141,B,answered,B,239.44,89.38,150.06,92.245,147.195,93.925,9.28,110.0,0.56
57,C,95.92,0.5979,0.2689,144.78,240.7,0.6037,0.0001,0.3962,655,1140,B,answered,B,239.44,89.38,150.06,92.245,147.195,93.925,9.28,110.0,0.56
57,D,95.11,0.6186,0.3115,146.59,241.7,0.995,0.0,0.005,692,1140,B,answered,B,239.44,89.38,150.06,92.245,147.195,93.925,9.28,110.0,0.56
58,A,113.44,0.6082,0.3213,138.56,252.0,0.9461,0.0001,0.0538,584,1170,D,answered,D,233.05,110.24,122.81,93.93,139.12,93.925,9.28,110.0,0.56
58,B,110.24,0.701,0.3639,128.76,239.0,0.9999,0.0,0.0001,619,1170,D,answered,D,233.05,110.24,122.81,93.93,139.12,93.925,9.28,110.0,0.56
58,C,77.62,0.5052,0.282,161.08,238.7,0.9332,0.0,0.0668,655,1170,D,answered,D,233.05,110.24,122.81,93.93,139.12,93.925,9.28,110.0,0.56
58,D,233.05,1.0,0.9803,5.95,239.0,1.0,0.0,0.0,692,1170,D,answered,D,233.05,110.24,122.81,93.93,139.12,93.925,9.28,110.0,0.56
59,A,112.79,0.6392,0.3148,139.21,252.0,0.5062,0.0005,0.4933,584,1199,B,answered,B,237.93,96.39,141.54,90.68,147.25,93.925,9.28,110.0,0.56
59,B,237.93,1.0,0.8754,6.07,244.0,1.0,0.0,0.0,620,1199,B,answered,B,237.93,96.39,141.54,90.68,147.25,93.925,9.28,110.0,0.56
59,C,84.97,0.567,0.2754,154.03,239.0,0.9995,0.0,0.0005,655,1199,B,answered,B,237.93,96.39,141.54,90.68,147.25,93.925,9.28,110.0,0.56
59,D,96.39,0.6392,0.3574,144.61,241.0,1.0,0.0,0.0,692,1198,B,answered,B,237.93,96.39,141.54,90.68,147.25,93.925,9.28,110.0,0.56
60,A,85.23,0.5052,0.3869,160.77,246.0,0.2842,0.0007,0.7151,584,1224,C,answered,C,240.12,85.23,154.89,87.74,152.38,93.925,9.28,110.0,0.56
60,B,125.12,0.7938,0.3705,119.58,244.7,0.9981,0.0,0.0019,619,1226,C,answered,C,240.12,85.23,154.89,87.74,152.38,93.925,9.28,110.0,0.56
60,C,240.12,1.0,0.9836,5.88,246.0,1.0,0.0,0.0,655,1226,C,answered,C,240.12,85.23,154.89,87.74,152.38,93.925,9.28,110.0,0.56
60,D,90.25,0.5876,0.3344,150.45,240.7,0.9987,0.0,0.0013,692,1226,C,answered,C,240.12,85.23,154.89,87.74,152.38,93.925,9.28,110.0,0.56
61,A,108.8,0.6186,0.318,138.9,247.7,0.5281,0.0006,0.4713,584,1256,B,answered,B,232.8,75.64,157.16,74.745,158.055,93.925,9.28,110.0,0.56
61,B,232.8,1.0,0.8656,6.2,239.0,1.0,0.0,0.0,620,1256,B,answered,B,232.8,75.64,157.16,74.745,158.055,93.925,9.28,110.0,0.56
61,C,73.85,0.4948,0.2623,164.15,238.0,0.9988,0.0,0.0012,655,1256,B,answered,B,232.8,75.64,157.16,74.745,158.055,93.925,9.28,110.0,0.56
61,D,75.64,0.5258,0.3213,159.06,234.7,0.9985,0.0,0.0015,692,1256,B,answered,B,232.8,75.64,157.16,74.745,158.055,93.925,9.28,110.0,0.56
62,A,105.15,0.6289,0.3311,143.85,249.0,0.7902,0.0002,0.2096,584,1286,D,answered,D,234.7,110.58,124.12,88.95,145.75,93.925,9.28,110.0,0.56
62,B,110.58,0.7526,0.3934,126.42,237.0,0.9972,0.0,0.0028,619,1286,D,answered,D,234.7,110.58,124.12,88.95,145.75,93.925,9.28,110.0,0.56
62,C,72.75,0.4742,0.2787,165.25,238.0,0.9991,0.0,0.0009,655,1286,D,answered,D,234.7,110.58,124.12,88.95,145.75,93.925,9.28,110.0,0.56
62,D,234.7,1.0,0.9344,6.0,240.7,1.0,0.0,0.0,692,1286,D,answered,D,234.7,110.58,124.12,88.95,145.75,93.925,9.28,110.0,0.56
63,A,246.05,1.0,0.9639,5.95,252.0,1.0,0.0,0.0,584,1312,A,answered,A,246.05,130.66,115.39,93.855,152.195,93.925,9.28,110.0,0.56
63,B,130.66,0.8247,0.4,111.34,242.0,0.9782,0.0,0.0218,619,1313,A,answered,A,246.05,130.66,115.39,93.855,152.195,93.925,9.28,110.0,0.56
63,C,101.41,0.5773,0.2721,142.59,244.0,0.9894,0.0,0.0106,655,1313,A,answered,A,246.05,130.66,115.39,93.855,152.195,93.925,9.28,110.0,0.56
63,D,86.3,0.5464,0.3148,156.7,243.0,0.9999,0.0,0.0001,692,1312,A,answered,A,246.05,130.66,115.39,93.855,152.195,93.925,9.28,110.0,0.56
64,A,112.79,0.6495,0.3246,136.21,249.0,0.9657,0.0001,0.0341,584,1342,B,answered,B,234.66,112.79,121.87,80.145,154.515,93.925,9.28,110.0,0.56
64,B,234.66,1.0,0.8852,6.04,240.7,1.0,0.0,0.0,620,1342,B,answered,B,234.66,112.79,121.87,80.145,154.515,93.925,9.28,110.0,0.56
64,C,76.06,0.5052,0.2492,158.94,235.0,0.9967,0.0,0.0033,655,1342,B,answered,B,234.66,112.79,121.87,80.145,154.515,93.925,9.28,110.0,0.56
64,D,84.23,0.5258,0.318,152.77,237.0,0.9998,0.0,0.0002,692,1342,B,answered,B,234.66,112.79,121.87,80.145,154.515,93.925,9.28,110.0,0.56
65,A,123.92,0.6598,0.3869,131.08,255.0,0.9887,0.0,0.0113,584,1370,B,answered,B,242.99,123.92,119.07,105.615,137.375,93.925,9.28,110.0,0.56
65,B,242.99,1.0,0.9148,6.01,249.0,1.0,0.0,0.0,620,1370,B,answered,B,242.99,123.92,119.07,105.615,137.375,93.925,9.28,110.0,0.56
65,C,106.61,0.5876,0.3049,139.39,246.0,1.0,0.0,0.0,655,1370,B,answered,B,242.99,123.92,119.07,105.615,137.375,93.925,9.28,110.0,0.56
65,D,104.62,0.6186,0.3803,142.38,247.0,1.0,0.0,0.0,692,1370,B,answered,B,242.99,123.92,119.07,105.615,137.375,93.925,9.28,110.0,0.56
66,A,116.64,0.6701,0.3213,135.36,252.0,0.6643,0.0025,0.3332,584,1399,C,answered,C,238.12,124.49,113.63,103.235,134.885,93.925,9.28,110.0,0.56
66,B,124.49,0.7732,0.3967,117.51,242.0,0.9999,0.0,0.0001,619,1400,C,answered,C,238.12,124.49,113.63,103.235,134.885,93.925,9.28,110.0,0.56
66,C,238.12,1.0,0.9574,5.88,244.0,1.0,0.0,0.0,655,1398,C,answered,C,238.12,124.49,113.63,103.235,134.885,93.925,9.28,110.0,0.56
66,D,89.83,0.5773,0.2951,150.87,240.7,0.994,0.0001,0.0059,692,1399,C,answered,C,238.12,124.49,113.63,103.235,134.885,93.925,9.28,110.0,0.56
67,A,114.61,0.6598,0.3311,134.39,249.0,0.8592,0.0003,0.1405,584,1428,B,answered,B,232.39,114.61,117.78,82.3,150.09,93.925,9.28,110.0,0.56
67,B,232.39,1.0,0.8787,6.01,238.4,1.0,0.0,0.0,620,1428,B,answered,B,232.39,114.61,117.78,82.3,150.09,93.925,9.28,110.0,0.56
67,C,81.0,0.5773,0.2623,154.0,235.0,0.9994,0.0,0.0006,655,1428,B,answered,B,232.39,114.61,117.78,82.3,150.09,93.925,9.28,110.0,0.56
67,D,83.6,0.567,0.3311,149.4,233.0,0.9998,0.0,0.0002,692,1428,B,answered,B,232.39,114.61,117.78,82.3,150.09,93.925,9.28,110.0,0.56
68,A,122.2,0.6804,0.4033,132.8,255.0,0.987,0.0,0.0129,584,1457,B,answered,B,241.99,122.2,119.79,103.775,138.215,93.925,9.28,110.0,0.56
68,B,241.99,1.0,0.9115,6.01,248.0,1.0,0.0,0.0,620,1457,B,answered,B,241.99,122.2,119.79,103.775,138.215,93.925,9.28,110.0,0.56
68,C,105.92,0.5979,0.3016,142.08,248.0,1.0,0.0,0.0,655,1456,B,answered,B,241.99,122.2,119.79,103.775,138.215,93.925,9.28,110.0,0.56
68,D,101.63,0.6082,0.3705,145.07,246.7,1.0,0.0,0.0,692,1456,B,answered,B,241.99,122.2,119.79,103.775,138.215,93.925,9.28,110.0,0.56
69,A,110.6,0.6495,0.3213,141.4,252.0,0.6711,0.0024,0.3265,584,1486,C,answered,C,242.12,129.23,112.89,99.715,142.405,93.925,9.28,110.0,0.56
69,B,129.23,0.8041,0.3836,111.77,241.0,1.0,0.0,0.0,619,1486,C,answered,C,242.12,129.23,112.89,99.715,142.405,93.925,9.28,110.0,0.56
69,C,242.12,1.0,0.9902,5.88,248.0,1.0,0.0,0.0,655,1486,C,answered,C,242.12,129.23,112.89,99.715,142.405,93.925,9.28,110.0,0.56
69,D,88.83,0.5567,0.3246,154.87,243.7,0.9999,0.0,0.0001,692,1486,C,answered,C,242.12,129.23,112.89,99.715,142.405,93.925,9.28,110.0,0.56
70,A,107.97,0.5979,0.3115,143.43,251.4,0.6511,0.001,0.3479,584,1515,C,answered,C,235.12,119.48,115.64,90.135,144.985,93.925,9.28,110.0,0.56
70,B,119.48,0.8144,0.3803,116.52,236.0,1.0,0.0,0.0,619,1514,C,answered,C,235.12,119.48,115.64,90.135,144.985,93.925,9.28,110.0,0.56
70,C,235.12,1.0,0.9541,5.88,241.0,1.0,0.0,0.0,655,1515,C,answered,C,235.12,119.48,115.64,90.135,144.985,93.925,9.28,110.0,0.56
70,D,72.3,0.4845,0.3115,162.7,235.0,0.9899,0.0,0.0101,692,1515,C,answered,C,235.12,119.48,115.64,90.135,144.985,93.925,9.28,110.0,0.56
71,A,248.76,1.0,0.9639,6.24,255.0,1.0,0.0,0.0,584,1544,A,answered,A,248.76,125.46,123.3,86.325,162.435,93.925,9.28,110.0,0.56
71,B,125.46,0.7732,0.4426,117.54,243.0,1.0,0.0,0.0,619,1544,A,answered,A,248.76,125.46,123.3,86.325,162.435,93.925,9.28,110.0,0.56
71,C,86.3,0.5567,0.3541,154.4,240.7,1.0,0.0,0.0,655,1544,A,answered,A,248.76,125.46,123.3,86.325,162.435,93.925,9.28,110.0,0.56
71,D,86.35,0.4948,0.3639,155.65,242.0,1.0,0.0,0.0,692,1544,A,answered,A,248.76,125.46,123.3,86.325,162.435,93.925,9.28,110.0,0.56
72,A,114.52,0.6598,0.3148,137.48,252.0,0.9241,0.001,0.0749,584,1572,D,answered,D,237.05,124.12,112.93,104.2,132.85,93.925,9.28,110.0,0.56
72,B,124.12,0.7835,0.3672,115.88,240.0,0.9998,0.0,0.0002,619,1572,D,answered,D,237.05,124.12,112.93,104.2,132.85,93.925,9.28,110.0,0.56
72,C,93.88,0.5876,0.2689,145.82,239.7,0.997,0.0,0.003,655,1572,D,answered,D,237.05,124.12,112.93,104.2,132.85,93.925,9.28,110.0,0.56
72,D,237.05,1.0,0.9148,5.95,243.0,1.0,0.0,0.0,692,1572,D,answered,D,237.05,124.12,112.93,104.2,132.85,93.925,9.28,110.0,0.56
73,A,113.6,0.6186,0.3115,138.4,252.0,0.7999,0.0006,0.1994,584,1601,B,answered,B,236.05,83.74,152.31,83.565,152.485,93.925,9.28,110.0,0.56
73,B,236.05,1.0,0.8852,5.95,242.0,1.0,0.0,0.0,620,1601,B,answered,B,236.05,83.74,152.31,83.565,152.485,93.925,9.28,110.0,0.56
73,C,83.39,0.5361,0.2623,158.61,242.0,0.9992,0.0,0.0008,655,1601,B,answered,B,236.05,83.74,152.31,83.565,152.485,93.925,9.28,110.0,0.56
73,D,83.74,0.5258,0.318,157.26,241.0,0.9988,0.0,0.0012,692,1601,B,answered,B,236.05,83.74,152.31,83.565,152.485,93.925,9.28,110.0,0.56
74,A,249.05,1.0,1.0,5.95,255.0,1.0,0.0,0.0,584,1630,A,answered,A,249.05,124.12,124.93,91.07,157.98,93.925,9.28,110.0,0.56
74,B,124.12,0.7423,0.4066,119.88,244.0,1.0,0.0,0.0,619,1630,A,answered,A,249.05,124.12,124.93,91.07,157.98,93.925,9.28,110.0,0.56
74,C,92.42,0.5464,0.3148,154.28,246.7,1.0,0.0,0.0,655,1630,A,answered,A,249.05,124.12,124.93,91.07,157.98,93.925,9.28,110.0,0.56
74,D,89.72,0.5567,0.3836,153.28,243.0,1.0,0.0,0.0,692,1630,A,answered,A,249.05,124.12,124.93,91.07,157.98,93.925,9.28,110.0,0.56
75,A,110.4,0.5979,0.2885,141.6,252.0,0.4778,0.0032,0.519,584,1658,B,answered,B,234.75,91.97,142.78,90.44,144.31,93.925,9.28,110.0,0.56
75,B,234.75,1.0,0.8885,5.95,240.7,1.0,0.0,0.0,620,1658,B,answered,B,234.75,91.97,142.78,90.44,144.31,93.925,9.28,110.0,0.56
75,C,88.91,0.5361,0.2492,149.09,238.0,0.9963,0.0,0.0037,655,1658,B,answered,B,234.75,91.97,142.78,90.44,144.31,93.925,9.28,110.0,0.56
75,D,91.97,0.6082,0.3115,145.03,237.0,0.9712,0.0001,0.0287,692,1658,B,answered,B,234.75,91.97,142.78,90.44,144.31,93.925,9.28,110.0,0.56
76,A,111.21,0.5979,0.3377,140.79,252.0,0.9959,0.0,0.0041,584,1688,C,answered,C,239.05,108.92,130.13,93.98,145.07,93.925,9.28,110.0,0.56
76,B,108.92,0.6701,0.3508,132.08,241.0,0.9999,0.0,0.0001,619,1688,C,answered,C,239.05,108.92,130.13,93.98,145.07,93.925,9.28,110.0,0.56
76,C,239.05,1.0,0.882,5.95,245.0,1.0,0.0,0.0,655,1688,C,answered,C,239.05,108.92,130.13,93.98,145.07,93.925,9.28,110.0,0.56
76,D,79.04,0.4639,0.3311,161.96,241.0,0.9999,0.0,0.0001,692,1688,C,answered,C,239.05,108.92,130.13,93.98,145.07,93.925,9.28,110.0,0.56
77,A,115.55,0.6186,0.3672,139.45,255.0,0.9993,0.0,0.0006,584,1716,B,answered,B,241.91,115.55,126.36,96.295,145.615,93.925,9.28,110.0,0.56
77,B,241.91,1.0,0.9148,6.09,248.0,1.0,0.0,0.0,620,1716,B,answered,B,241.91,115.55,126.36,96.295,145.615,93.925,9.28,110.0,0.56
77,C,96.46,0.5876,0.3049,151.24,247.7,1.0,0.0,0.0,655,1716,B,answered,B,241.91,115.55,126.36,96.295,145.615,93.925,9.28,110.0,0.56
77,D,96.13,0.567,0.3574,151.57,247.7,1.0,0.0,0.0,692,1716,B,answered,B,241.91,115.55,126.36,96.295,145.615,93.925,9.28,110.0,0.56
78,A,246.0,1.0,0.9639,6.0,252.0,1.0,0.0,0.0,584,1744,A,answered,A,246.0,121.81,124.19,83.55,162.45,93.925,9.28,110.0,0.56
78,B,121.81,0.7629,0.3541,115.19,237.0,0.9992,0.0,0.0008,619,1744,A,answered,A,246.0,121.81,124.19,83.55,162.45,93.925,9.28,110.0,0.56
78,C,86.67,0.567,0.259,151.33,238.0,0.985,0.0002,0.0149,655,1744,A,answered,A,246.0,121.81,124.19,83.55,162.45,93.925,9.28,110.0,0.56
78,D,80.43,0.5464,0.2885,154.27,234.7,0.9981,0.0001,0.0019,692,1744,A,answered,A,246.0,121.81,124.19,83.55,162.45,93.925,9.28,110.0,0.56
79,A,107.22,0.5876,0.3049,144.78,252.0,0.9927,0.0001,0.0072,584,1774,D,answered,D,233.75,102.32,131.43,88.335,145.415,93.925,9.28,110.0,0.56
79,B,102.32,0.6495,0.3279,136.68,239.0,1.0,0.0,0.0,619,1774,D,answered,D,233.75,102.32,131.43,88.335,145.415,93.925,9.28,110.0,0.56
79,C,74.35,0.4948,0.2721,163.35,237.7,0.9986,0.0,0.0014,655,1774,D,answered,D,233.75,102.32,131.43,88.335,145.415,93.925,9.28,110.0,0.56
79,D,233.75,1.0,0.9016,5.95,239.7,1.0,0.0,0.0,692,1774,D,answered,D,233.75,102.32,131.43,88.335,145.415,93.925,9.28,110.0,0.56
80,A,107.07,0.6082,0.3213,144.93,252.0,0.8221,0.0003,0.1775,584,1800,D,answered,D,239.12,128.37,110.75,102.485,136.635,93.925,9.28,110.0,0.56
80,B,128.37,0.732,0.3246,117.33,245.7,0.9971,0.0,0.0029,619,1801,D,answered,D,239.12,128.37,110.75,102.485,136.635,93.925,9.28,110.0,0.56
80,C,97.9,0.567,0.2492,148.1,246.0,0.9994,0.0,0.0006,655,1801,D,answered,D,239.12,128.37,110.75,102.485,136.635,93.925,9.28,110.0,0.56
80,D,239.12,1.0,0.9475,5.88,245.0,1.0,0.0,0.0,692,1801,D,answered,D,239.12,128.37,110.75,102.485,136.635,93.925,9.28,110.0,0.56
81,A,107.97,0.6495,0.2852,141.73,249.7,0.8269,0.0006,0.1725,584,1830,D,answered,D,235.75,119.24,116.51,99.125,136.625,93.925,9.28,110.0,0.56
81,B,119.24,0.7526,0.3574,119.76,239.0,0.9999,0.0,0.0001,619,1830,D,answered,D,235.75,119.24,116.51,99.125,136.625,93.925,9.28,110.0,0.56
81,C,90.28,0.5876,0.282,148.72,239.0,0.9997,0.0,0.0002,655,1831,D,answered,D,235.75,119.24,116.51,99.125,136.625,93.925,9.28,110.0,0.56
81,D,235.75,1.0,0.918,5.95,241.7,1.0,0.0,0.0,692,1830,D,answered,D,235.75,119.24,116.51,99.125,136.625,93.925,9.28,110.0,0.56
82,A,108.03,0.6082,0.3016,143.97,252.0,0.9133,0.0006,0.0861,584,1860,D,answered,D,237.0,113.08,123.92,90.335,146.665,93.925,9.28,110.0,0.56
82,B,113.08,0.7113,0.3574,124.92,238.0,0.9999,0.0,0.0001,619,1860,D,answered,D,237.0,113.08,123.92,90.335,146.665,93.925,9.28,110.0,0.56
82,C,72.64,0.4845,0.2525,166.36,239.0,0.9998,0.0,0.0002,655,1860,D,answered,D,237.0,113.08,123.92,90.335,146.665,93.925,9.28,110.0,0.56
82,D,237.0,1.0,0.918,6.0,243.0,1.0,0.0,0.0,692,1860,D,answered,D,237.0,113.08,123.92,90.335,146.665,93.925,9.28,110.0,0.56
83,A,101.68,0.5773,0.3082,151.02,252.7,0.9981,0.0,0.0019,584,1886,B,answered,B,242.89,97.06,145.83,97.655,145.235,93.925,9.28,110.0,0.56
83,B,242.89,1.0,0.8689,6.11,249.0,1.0,0.0,0.0,620,1888,B,answered,B,242.89,97.06,145.83,97.655,145.235,93.925,9.28,110.0,0.56
83,C,98.25,0.5979,0.2787,147.45,245.7,0.9999,0.0,0.0001,655,1888,B,answered,B,242.89,97.06,145.83,97.655,145.235,93.925,9.28,110.0,0.56
83,D,97.06,0.5773,0.3475,146.94,244.0,0.9995,0.0,0.0005,692,1888,B,answered,B,242.89,97.06,145.83,97.655,145.235,93.925,9.28,110.0,0.56
84,A,107.08,0.567,0.3049,144.92,252.0,0.3956,0.0012,0.6032,584,1916,D,answered,D,237.82,127.22,110.6,100.56,137.26,93.925,9.28,110.0,0.56
84,B,127.22,0.7938,0.3574,114.78,242.0,0.9995,0.0,0.0005,619,1917,D,answered,D,237.82,127.22,110.6,100.56,137.26,93.925,9.28,110.0,0.56
84,C,94.04,0.5876,0.2656,146.96,241.0,0.9999,0.0,0.0001,655,1917,D,answered,D,237.82,127.22,110.6,100.56,137.26,93.925,9.28,110.0,0.56
84,D,237.82,1.0,0.9377,5.88,243.7,1.0,0.0,0.0,692,1916,D,answered,D,237.82,127.22,110.6,100.56,137.26,93.925,9.28,110.0,0.56
85,A,117.2,0.6392,0.3148,134.8,252.0,0.2766,0.0003,0.7231,584,1946,B,answered,B,243.05,87.07,155.98,86.155,156.895,93.925,9.28,110.0,0.56
85,B,243.05,1.0,0.8754,5.95,249.0,1.0,0.0,0.0,620,1946,B,answered,B,243.05,87.07,155.98,86.155,156.895,93.925,9.28,110.0,0.56
85,C,85.24,0.5155,0.2525,159.16,244.4,1.0,0.0,0.0,655,1946,B,answered,B,243.05,87.07,155.98,86.155,156.895,93.925,9.28,110.0,0.56
85,D,87.07,0.5361,0.3213,153.63,240.7,0.9989,0.0,0.0011,692,1946,B,answered,B,243.05,87.07,155.98,86.155,156.895,93.925,9.28,110.0,0.56
86,A,99.31,0.567,0.3475,150.39,249.7,0.7428,0.0001,0.2571,584,1972,D,answered,D,237.05,99.31,137.74,96.745,140.305,93.925,9.28,110.0,0.56
86,B,126.66,0.732,0.341,116.04,242.7,0.9994,0.0,0.0006,619,1974,D,answered,D,237.05,99.31,137.74,96.745,140.305,93.925,9.28,110.0,0.56
86,C,94.18,0.567,0.2656,148.52,242.7,0.9998,0.0,0.0002,655,1974,D,answered,D,237.05,99.31,137.74,96.745,140.305,93.925,9.28,110.0,0.56
86,D,237.05,1.0,0.9607,5.95,243.0,1.0,0.0,0.0,692,1974,D,answered,D,237.05,99.31,137.74,96.745,140.305,93.925,9.28,110.0,0.56
87,A,113.19,0.6598,0.3279,138.81,252.0,0.7346,0.0003,0.2651,584,2003,B,answered,B,235.74,71.52,164.22,77.735,158.005,93.925,9.28,110.0,0.56
87,B,235.74,1.0,0.8623,6.26,242.0,1.0,0.0,0.0,620,2004,B,answered,B,235.74,71.52,164.22,77.735,158.005,93.925,9.28,110.0,0.56
87,C,83.95,0.5155,0.2459,158.05,242.0,0.9997,0.0,0.0003,655,2003,B,answered,B,235.74,71.52,164.22,77.735,158.005,93.925,9.28,110.0,0.56
87,D,71.52,0.433,0.341,167.18,238.7,0.9997,0.0,0.0003,692,2004,B,answered,B,235.74,71.52,164.22,77.735,158.005,93.925,9.28,110.0,0.56
88,A,117.22,0.6495,0.3115,134.78,252.0,0.6468,0.0002,0.353,584,2032,B,answered,B,233.03,84.75,148.28,87.24,145.79,93.925,9.28,110.0,0.56
88,B,233.03,1.0,0.8885,5.97,239.0,1.0,0.0,0.0,620,2033,B,answered,B,233.03,84.75,148.28,87.24,145.79,93.925,9.28,110.0,0.56
88,C,89.73,0.5773,0.2557,154.27,244.0,0.9999,0.0,0.0001,655,2032,B,answered,B,233.03,84.75,148.28,87.24,145.79,93.925,9.28,110.0,0.56
88,D,84.75,0.5464,0.3213,155.25,240.0,0.9999,0.0,0.0001,692,2032,B,answered,B,233.03,84.75,148.28,87.24,145.79,93.925,9.28,110.0,0.56
89,A,91.52,0.5258,0.3639,157.48,249.0,0.8859,0.0001,0.1141,584,2058,C,answered,C,240.12,91.52,148.6,93.4,146.72,93.925,9.28,110.0,0.56
89,B,129.0,0.8041,0.3508,114.0,243.0,0.9986,0.0,0.0014,619,2060,C,answered,C,240.12,91.52,148.6,93.4,146.72,93.925,9.28,110.0,0.56
89,C,240.12,1.0,0.9803,5.88,246.0,1.0,0.0,0.0,655,2060,C,answered,C,240.12,91.52,148.6,93.4,146.72,93.925,9.28,110.0,0.56
89,D,95.28,0.6082,0.3344,146.72,242.0,0.9714,0.0002,0.0283,692,2060,C,answered,C,240.12,91.52,148.6,93.4,146.72,93.925,9.28,110.0,0.56
90,A,113.77,0.6392,0.3115,138.23,252.0,0.3845,0.0003,0.6152,584,2089,C,answered,C,243.05,116.69,126.36,95.845,147.205,93.925,9.28,110.0,0.56
90,B,116.69,0.7216,0.3279,126.31,243.0,1.0,0.0,0.0,619,2089,C,answered,C,243.05,116.69,126.36,95.845,147.205,93.925,9.28,110.0,0.56
90,C,243.05,1.0,0.9082,5.95,249.0,1.0,0.0,0.0,655,2090,C,answered,C,243.05,116.69,126.36,95.845,147.205,93.925,9.28,110.0,0.56
90,D,77.92,0.4536,0.3279,164.08,242.0,0.9931,0.0,0.0068,692,2090,C,answered,C,243.05,116.69,126.36,95.845,147.205,93.925,9.28,110.0,0.56
91,A,234.75,1.0,0.9246,5.95,240.7,1.0,0.0,0.0,949,824,A,answered,A,234.75,114.32,120.43,84.665,150.085,93.925,9.28,110.0,0.56
91,B,114.32,0.7732,0.3508,121.68,236.0,0.9997,0.0,0.0003,984,824,A,answered,A,234.75,114.32,120.43,84.665,150.085,93.925,9.28,110.0,0.56
91,C,77.49,0.5258,0.259,158.51,236.0,0.9981,0.0,0.0019,1020,824,A,answered,A,234.75,114.32,120.43,84.665,150.085,93.925,9.28,110.0,0.56
91,D,91.84,0.6495,0.3279,143.86,235.7,1.0,0.0,0.0,1054,824,A,answered,A,234.75,114.32,120.43,84.665,150.085,93.925,9.28,110.0,0.56
92,A,109.86,0.6598,0.2787,130.84,240.7,0.0082,0.0001,0.9918,948,854,B,answered,B,239.12,89.21,149.91,80.895,158.225,93.925,9.28,110.0,0.56
92,B,239.12,1.0,0.9836,5.88,245.0,1.0,0.0,0.0,984,854,B,answered,B,239.12,89.21,149.91,80.895,158.225,93.925,9.28,110.0,0.56
92,C,72.58,0.4742,0.2656,165.42,238.0,0.9993,0.0,0.0007,1020,854,B,answered,B,239.12,89.21,149.91,80.895,158.225,93.925,9.28,110.0,0.56
92,D,89.21,0.5567,0.3115,150.49,239.7,1.0,0.0,0.0,1054,854,B,answered,B,239.12,89.21,149.91,80.895,158.225,93.925,9.28,110.0,0.56
93,A,110.64,0.6907,0.3279,130.06,240.7,0.0009,0.0,0.9991,948,882,C,answered,C,240.96,120.53,120.43,105.17,135.79,93.925,9.28,110.0,0.56
93,B,120.53,0.732,0.3672,121.47,242.0,0.9985,0.0,0.0015,984,882,C,answered,C,240.96,120.53,120.43,105.17,135.79,93.925,9.28,110.0,0.56
93,C,240.96,1.0,0.8787,6.04,247.0,1.0,0.0,0.0,1020,882,C,answered,C,240.96,120.53,120.43,105.17,135.79,93.925,9.28,110.0,0.56
93,D,99.7,0.6186,0.3475,142.3,242.0,1.0,0.0,0.0,1054,882,C,answered,C,240.96,120.53,120.43,105.17,135.79,93.925,9.28,110.0,0.56
94,A,234.82,1.0,0.9475,5.88,240.7,1.0,0.0,0.0,948,911,A,answered,A,234.82,110.43,124.39,88.065,146.755,93.925,9.28,110.0,0.56
94,B,110.43,0.7732,0.3639,122.57,233.0,0.9441,0.0,0.0559,984,910,A,answered,A,234.82,110.43,124.39,88.065,146.755,93.925,9.28,110.0,0.56
94,C,82.82,0.5155,0.259,153.88,236.7,0.9869,0.0,0.0131,1020,911,A,answered,A,234.82,110.43,124.39,88.065,146.755,93.925,9.28,110.0,0.56
94,D,93.31,0.6082,0.3246,142.69,236.0,1.0,0.0,0.0,1054,911,A,answered,A,234.82,110.43,124.39,88.065,146.755,93.925,9.28,110.0,0.56
95,A,236.12,1.0,0.9869,5.88,242.0,1.0,0.0,0.0,948,940,A,answered,A,236.12,110.26,125.86,83.275,152.845,93.925,9.28,110.0,0.56
95,B,110.26,0.6598,0.3115,128.44,238.7,0.9976,0.0,0.0024,984,940,A,answered,A,236.12,110.26,125.86,83.275,152.845,93.925,9.28,110.0,0.56
95,C,75.29,0.4845,0.2557,164.41,239.7,0.9992,0.0,0.0008,1020,940,A,answered,A,236.12,110.26,125.86,83.275,152.845,93.925,9.28,110.0,0.56
95,D,91.26,0.5773,0.3115,150.74,242.0,1.0,0.0,0.0,1054,940,A,answered,A,236.12,110.26,125.86,83.275,152.845,93.925,9.28,110.0,0.56
96,A,116.26,0.701,0.318,125.74,242.0,0.0001,0.0,0.9999,948,968,D,answered,D,239.12,122.1,117.02,102.485,136.635,93.925,9.28,110.0,0.56
96,B,122.1,0.7629,0.3672,118.9,241.0,0.9949,0.0,0.0051,984,968,D,answered,D,239.12,122.1,117.02,102.485,136.635,93.925,9.28,110.0,0.56
96,C,88.71,0.5361,0.2656,153.29,242.0,0.9994,0.0,0.0006,1020,968,D,answered,D,239.12,122.1,117.02,102.485,136.635,93.925,9.28,110.0,0.56
96,D,239.12,1.0,0.9607,5.88,245.0,1.0,0.0,0.0,1054,968,D,answered,D,239.12,122.1,117.02,102.485,136.635,93.925,9.28,110.0,0.56
97,A,108.51,0.6907,0.2951,127.49,236.0,0.0002,0.0,0.9998,948,997,C,answered,C,233.12,110.43,122.69,100.88,132.24,93.925,9.28,110.0,0.56
97,B,110.43,0.7526,0.4,118.57,229.0,0.9999,0.0,0.0001,984,998,C,answered,C,233.12,110.43,122.69,100.88,132.24,93.925,9.28,110.0,0.56
97,C,233.12,1.0,0.977,5.88,239.0,1.0,0.0,0.0,1020,997,C,answered,C,233.12,110.43,122.69,100.88,132.24,93.925,9.28,110.0,0.56
97,D,93.25,0.6186,0.3639,143.45,236.7,1.0,0.0,0.0,1054,998,C,answered,C,233.12,110.43,122.69,100.88,132.24,93.925,9.28,110.0,0.56
98,A,108.04,0.6907,0.2885,129.96,238.0,0.0135,0.0001,0.9863,948,1026,C,answered,C,235.12,93.71,141.41,100.875,134.245,93.925,9.28,110.0,0.56
98,B,113.79,0.701,0.3213,127.21,241.0,0.9999,0.0,0.0001,984,1026,C,answered,C,235.12,93.71,141.41,100.875,134.245,93.925,9.28,110.0,0.56
98,C,235.12,1.0,0.9574,5.88,241.0,1.0,0.0,0.0,1020,1026,C,answered,C,235.12,93.71,141.41,100.875,134.245,93.925,9.28,110.0,0.56
98,D,93.71,0.6186,0.3246,148.29,242.0,1.0,0.0,0.0,1054,1026,C,answered,C,235.12,93.71,141.41,100.875,134.245,93.925,9.28,110.0,0.56
99,A,112.82,0.6804,0.2918,129.18,242.0,0.0001,0.0,0.9999,948,1054,B,answered,B,238.12,105.71,132.41,97.655,140.465,93.925,9.28,110.0,0.56
99,B,238.12,1.0,0.9311,5.88,244.0,1.0,0.0,0.0,984,1054,B,answered,B,238.12,105.71,132.41,97.655,140.465,93.925,9.28,110.0,0.56
99,C,89.6,0.5464,0.2656,150.4,240.0,0.9943,0.0,0.0056,1020,1054,B,answered,B,238.12,105.71,132.41,97.655,140.465,93.925,9.28,110.0,0.56
99,D,105.71,0.6495,0.3016,136.29,242.0,0.5917,0.0002,0.4081,1055,1054,B,answered,B,238.12,105.71,132.41,97.655,140.465,93.925,9.28,110.0,0.56
100,A,98.62,0.6495,0.3279,136.38,235.0,0.019,0.0,0.981,948,1084,B,answered,B,234.12,79.67,154.45,69.35,164.77,93.925,9.28,110.0,0.56
100,B,234.12,1.0,0.977,5.88,240.0,1.0,0.0,0.0,984,1084,B,answered,B,234.12,79.67,154.45,69.35,164.77,93.925,9.28,110.0,0.56
100,C,59.03,0.3918,0.282,174.97,234.0,0.9988,0.0,0.0012,1020,1084,B,answered,B,234.12,79.67,154.45,69.35,164.77,93.925,9.28,110.0,0.56
100,D,79.67,0.567,0.3672,155.73,235.4,1.0,0.0,0.0,1054,1084,B,answered,B,234.12,79.67,154.45,69.35,164.77,93.925,9.28,110.0,0.56
101,A,236.05,1.0,0.9311,5.95,242.0,1.0,0.0,0.0,948,1113,A,answered,A,236.05,115.52,120.53,88.465,147.585,93.925,9.28,110.0,0.56
101,B,115.52,0.7423,0.3475,122.88,238.4,0.9991,0.0,0.0009,984,1112,A,answered,A,236.05,115.52,120.53,88.465,147.585,93.925,9.28,110.0,0.56
101,C,83.18,0.567,0.2787,151.82,235.0,0.9998,0.0,0.0002,1020,1112,A,answered,A,236.05,115.52,120.53,88.465,147.585,93.925,9.28,110.0,0.56
101,D,93.75,0.6186,0.3311,144.25,238.0,1.0,0.0,0.0,1054,1112,A,answered,A,236.05,115.52,120.53,88.465,147.585,93.925,9.28,110.0,0.56
102,A,109.78,0.6701,0.2787,133.92,243.7,0.0018,0.0,0.9981,948,1140,D,answered,D,239.12,123.36,115.76,101.375,137.745,93.925,9.28,110.0,0.56
102,B,123.36,0.7629,0.3246,119.34,242.7,0.9981,0.0,0.0019,984,1140,D,answered,D,239.12,123.36,115.76,101.375,137.745,93.925,9.28,110.0,0.56
102,C,92.97,0.567,0.2656,149.03,242.0,0.9886,0.0,0.0113,1020,1140,D,answered,D,239.12,123.36,115.76,101.375,137.745,93.925,9.28,110.0,0.56
102,D,239.12,1.0,0.9443,5.88,245.0,1.0,0.0,0.0,1054,1140,D,answered,D,239.12,123.36,115.76,101.375,137.745,93.925,9.28,110.0,0.56
103,A,106.08,0.6701,0.3082,134.62,240.7,0.0127,0.0,0.9873,948,1170,B,answered,B,237.12,82.84,154.28,74.98,162.14,93.925,9.28,110.0,0.56
103,B,237.12,1.0,0.9934,5.88,243.0,1.0,0.0,0.0,984,1170,B,answered,B,237.12,82.84,154.28,74.98,162.14,93.925,9.28,110.0,0.56
103,C,67.12,0.4536,0.2787,169.88,237.0,0.9995,0.0,0.0005,1020,1170,B,answered,B,237.12,82.84,154.28,74.98,162.14,93.925,9.28,110.0,0.56
103,D,82.84,0.5567,0.3377,155.86,238.7,0.9998,0.0,0.0002,1054,1170,B,answered,B,237.12,82.84,154.28,74.98,162.14,93.925,9.28,110.0,0.56
104,A,106.09,0.6495,0.282,133.91,240.0,0.0019,0.0,0.998,948,1199,D,answered,D,236.12,114.79,121.33,92.635,143.485,93.925,9.28,110.0,0.56
104,B,114.79,0.6701,0.3148,127.21,242.0,0.9999,0.0,0.0001,984,1199,D,answered,D,236.12,114.79,121.33,92.635,143.485,93.925,9.28,110.0,0.56
104,C,79.18,0.5052,0.2689,161.82,241.0,0.9996,0.0,0.0004,1020,1199,D,answered,D,236.12,114.79,121.33,92.635,143.485,93.925,9.28,110.0,0.56
104,D,236.12,1.0,0.9508,5.88,242.0,1.0,0.0,0.0,1054,1199,D,answered,D,236.12,114.79,121.33,92.635,143.485,93.925,9.28,110.0,0.56
105,A,238.12,1.0,0.9869,5.88,244.0,1.0,0.0,0.0,948,1226,A,answered,A,238.12,119.59,118.53,94.27,143.85,93.925,9.28,110.0,0.56
105,B,119.59,0.7526,0.341,126.41,246.0,0.9993,0.0,0.0007,984,1226,A,answered,A,238.12,119.59,118.53,94.27,143.85,93.925,9.28,110.0,0.56
105,C,90.64,0.5361,0.2623,156.06,246.7,0.9968,0.0,0.0032,1020,1226,A,answered,A,238.12,119.59,118.53,94.27,143.85,93.925,9.28,110.0,0.56
105,D,97.9,0.6392,0.3246,143.8,241.7,0.9998,0.0,0.0002,1054,1226,A,answered,A,238.12,119.59,118.53,94.27,143.85,93.925,9.28,110.0,0.56
106,A,101.46,0.6598,0.2918,134.54,236.0,0.002,0.0,0.998,948,1256,C,answered,C,233.75,108.92,124.83,87.715,146.035,93.925,9.28,110.0,0.56
106,B,108.92,0.6907,0.3508,130.08,239.0,1.0,0.0,0.0,984,1256,C,answered,C,233.75,108.92,124.83,87.715,146.035,93.925,9.28,110.0,0.56
106,C,233.75,1.0,0.9246,5.95,239.7,1.0,0.0,0.0,1020,1256,C,answered,C,233.75,108.92,124.83,87.715,146.035,93.925,9.28,110.0,0.56
106,D,73.97,0.5361,0.3115,159.03,233.0,1.0,0.0,0.0,1054,1256,C,answered,C,233.75,108.92,124.83,87.715,146.035,93.925,9.28,110.0,0.56
107,A,100.02,0.6495,0.3082,136.98,237.0,0.0448,0.0,0.9551,948,1286,D,answered,D,236.82,103.93,132.89,79.25,157.57,93.925,9.28,110.0,0.56
107,B,103.93,0.6701,0.3475,136.07,240.0,0.9978,0.0,0.0022,984,1286,D,answered,D,236.82,103.93,132.89,79.25,157.57,93.925,9.28,110.0,0.56
107,C,58.48,0.3711,0.2525,178.52,237.0,1.0,0.0,0.0,1020,1286,D,answered,D,236.82,103.93,132.89,79.25,157.57,93.925,9.28,110.0,0.56
107,D,236.82,1.0,0.9639,5.88,242.7,1.0,0.0,0.0,1054,1285,D,answered,D,236.82,103.93,132.89,79.25,157.57,93.925,9.28,110.0,0.56
108,A,108.18,0.6598,0.2885,131.82,240.0,0.0005,0.0,0.9995,948,1312,C,answered,C,237.82,119.91,117.91,102.08,135.74,93.925,9.28,110.0,0.56
108,B,119.91,0.7113,0.341,124.09,244.0,0.9429,0.0,0.0571,984,1313,C,answered,C,237.82,119.91,117.91,102.08,135.74,93.925,9.28,110.0,0.56
108,C,237.82,1.0,0.9705,5.88,243.7,1.0,0.0,0.0,1020,1312,C,answered,C,237.82,119.91,117.91,102.08,135.74,93.925,9.28,110.0,0.56
108,D,95.98,0.6082,0.318,146.02,242.0,1.0,0.0,0.0,1054,1312,C,answered,C,237.82,119.91,117.91,102.08,135.74,93.925,9.28,110.0,0.56
109,A,233.12,1.0,0.9639,5.88,239.0,1.0,0.0,0.0,948,1342,A,answered,A,233.12,109.7,123.42,76.235,156.885,93.925,9.28,110.0,0.56
109,B,109.7,0.701,0.3344,125.3,235.0,0.9999,0.0,0.0001,984,1342,A,answered,A,233.12,109.7,123.42,76.235,156.885,93.925,9.28,110.0,0.56
109,C,71.53,0.4742,0.2557,163.47,235.0,0.9992,0.0,0.0008,1020,1342,A,answered,A,233.12,109.7,123.42,76.235,156.885,93.925,9.28,110.0,0.56
109,D,80.94,0.5773,0.3148,157.06,238.0,1.0,0.0,0.0,1054,1342,A,answered,A,233.12,109.7,123.42,76.235,156.885,93.925,9.28,110.0,0.56
110,A,119.39,0.6701,0.3377,128.61,248.0,0.9423,0.0001,0.0576,948,1371,D,answered,D,242.12,129.9,112.22,109.725,132.395,93.925,9.28,110.0,0.56
110,B,129.9,0.7938,0.3869,116.1,246.0,0.9986,0.0,0.0014,984,1370,D,answered,D,242.12,129.9,112.22,109.725,132.395,93.925,9.28,110.0,0.56
110,C,100.06,0.5773,0.3115,145.94,246.0,0.9999,0.0,0.0001,1020,1370,D,answered,D,242.12,129.9,112.22,109.725,132.395,93.925,9.28,110.0,0.56
110,D,242.12,1.0,0.9738,5.88,248.0,1.0,0.0,0.0,1054,1370,D,answered,D,242.12,129.9,112.22,109.725,132.395,93.925,9.28,110.0,0.56
111,A,240.12,1.0,0.9607,5.88,246.0,1.0,0.0,0.0,948,1398,A,answered,A,240.12,118.69,121.43,94.645,145.475,93.925,9.28,110.0,0.56
111,B,118.69,0.732,0.377,122.31,241.0,0.9999,0.0,0.0001,984,1400,A,answered,A,240.12,118.69,121.43,94.645,145.475,93.925,9.28,110.0,0.56
111,C,90.21,0.5773,0.2754,148.79,239.0,0.9891,0.0,0.0109,1020,1399,A,answered,A,240.12,118.69,121.43,94.645,145.475,93.925,9.28,110.0,0.56
111,D,99.08,0.6186,0.3148,139.92,239.0,0.9994,0.0,0.0006,1054,1399,A,answered,A,240.12,118.69,121.43,94.645,145.475,93.925,9.28,110.0,0.56
112,A,104.8,0.6804,0.2852,131.9,236.7,0.0036,0.0001,0.9963,948,1428,B,answered,B,233.52,82.02,151.5,79.515,154.005,93.925,9.28,110.0,0.56
112,B,233.52,1.0,0.9836,5.88,239.4,1.0,0.0,0.0,984,1428,B,answered,B,233.52,82.02,151.5,79.515,154.005,93.925,9.28,110.0,0.56
112,C,77.01,0.5258,0.2721,155.99,233.0,0.9987,0.0,0.0013,1020,1428,B,answered,B,233.52,82.02,151.5,79.515,154.005,93.925,9.28,110.0,0.56
112,D,82.02,0.6082,0.3148,149.98,232.0,1.0,0.0,0.0,1054,1428,B,answered,B,233.52,82.02,151.5,79.515,154.005,93.925,9.28,110.0,0.56
113,A,121.88,0.6907,0.318,126.12,248.0,0.3341,0.0,0.6659,948,1456,D,answered,D,240.82,127.71,113.11,110.965,129.855,93.925,9.28,110.0,0.56
113,B,127.71,0.7732,0.3639,119.29,247.0,0.9999,0.0,0.0001,984,1456,D,answered,D,240.82,127.71,113.11,110.965,129.855,93.925,9.28,110.0,0.56
113,C,100.05,0.5567,0.3148,145.65,245.7,1.0,0.0,0.0,1020,1456,D,answered,D,240.82,127.71,113.11,110.965,129.855,93.925,9.28,110.0,0.56
113,D,240.82,1.0,0.9705,5.88,246.7,1.0,0.0,0.0,1054,1456,D,answered,D,240.82,127.71,113.11,110.965,129.855,93.925,9.28,110.0,0.56
114,A,240.12,1.0,0.9934,5.88,246.0,1.0,0.0,0.0,948,1486,A,answered,A,240.12,105.02,135.1,97.01,143.11,93.925,9.28,110.0,0.56
114,B,122.31,0.7526,0.3607,120.39,242.7,0.9999,0.0,0.0001,984,1486,A,answered,A,240.12,105.02,135.1,97.01,143.11,93.925,9.28,110.0,0.56
114,C,89.0,0.5464,0.2984,149.0,238.0,0.9999,0.0,0.0001,1020,1486,A,answered,A,240.12,105.02,135.1,97.01,143.11,93.925,9.28,110.0,0.56
114,D,105.02,0.6804,0.3639,134.68,239.7,0.9733,0.0,0.0267,1055,1486,A,answered,A,240.12,105.02,135.1,97.01,143.11,93.925,9.28,110.0,0.56
115,A,102.29,0.6598,0.2951,133.71,236.0,0.001,0.0,0.999,948,1515,D,answered,D,233.12,106.62,126.5,84.65,148.47,93.925,9.28,110.0,0.56
115,B,106.62,0.6907,0.3475,129.38,236.0,0.9984,0.0,0.0016,984,1515,D,answered,D,233.12,106.62,126.5,84.65,148.47,93.925,9.28,110.0,0.56
115,C,67.01,0.4639,0.282,166.99,234.0,0.9995,0.0,0.0005,1020,1515,D,answered,D,233.12,106.62,126.5,84.65,148.47,93.925,9.28,110.0,0.56
115,D,233.12,1.0,0.9377,5.88,239.0,1.0,0.0,0.0,1054,1515,D,answered,D,233.12,106.62,126.5,84.65,148.47,93.925,9.28,110.0,0.56
116,A,240.05,1.0,0.9574,5.95,246.0,1.0,0.0,0.0,948,1543,A,answered,A,240.05,100.26,139.79,90.86,149.19,93.925,9.28,110.0,0.56
116,B,118.27,0.6701,0.3934,123.73,242.0,1.0,0.0,0.0,984,1544,A,answered,A,240.05,100.26,139.79,90.86,149.19,93.925,9.28,110.0,0.56
116,C,81.46,0.4845,0.3311,159.54,241.0,1.0,0.0,0.0,1020,1544,A,answered,A,240.05,100.26,139.79,90.86,149.19,93.925,9.28,110.0,0.56
116,D,100.26,0.6495,0.4131,142.74,243.0,0.9997,0.0,0.0003,1055,1544,A,answered,A,240.05,100.26,139.79,90.86,149.19,93.925,9.28,110.0,0.56
117,A,237.05,1.0,0.9279,5.95,243.0,1.0,0.0,0.0,948,1572,A,answered,A,237.05,119.96,117.09,91.06,145.99,93.925,9.28,110.0,0.56
117,B,119.96,0.7629,0.3508,116.74,236.7,0.9989,0.0,0.0011,984,1572,A,answered,A,237.05,119.96,117.09,91.06,145.99,93.925,9.28,110.0,0.56
117,C,87.36,0.567,0.2721,151.64,239.0,0.9994,0.0,0.0005,1020,1572,A,answered,A,237.05,119.96,117.09,91.06,145.99,93.925,9.28,110.0,0.56
117,D,94.76,0.6289,0.3344,141.24,236.0,1.0,0.0,0.0,1054,1572,A,answered,A,237.05,119.96,117.09,91.06,145.99,93.925,9.28,110.0,0.56
118,A,105.78,0.6804,0.2951,132.22,238.0,0.0005,0.0,0.9995,948,1601,D,answered,D,236.12,98.92,137.2,86.215,149.905,93.925,9.28,110.0,0.56
118,B,98.92,0.6495,0.3934,134.08,233.0,0.9999,0.0,0.0001,984,1602,D,answered,D,236.12,98.92,137.2,86.215,149.905,93.925,9.28,110.0,0.56
118,C,73.51,0.4639,0.2623,168.49,242.0,0.9997,0.0,0.0003,1020,1601,D,answered,D,236.12,98.92,137.2,86.215,149.905,93.925,9.28,110.0,0.56
118,D,236.12,1.0,0.9574,5.88,242.0,1.0,0.0,0.0,1054,1601,D,answered,D,236.12,98.92,137.2,86.215,149.905,93.925,9.28,110.0,0.56
119,A,114.91,0.6907,0.3705,127.09,242.0,0.5126,0.0001,0.4872,948,1630,B,answered,B,240.12,101.11,139.01,94.52,145.6,93.925,9.28,110.0,0.56
119,B,240.12,1.0,0.9967,5.88,246.0,1.0,0.0,0.0,984,1630,B,answered,B,240.12,101.11,139.01,94.52,145.6,93.925,9.28,110.0,0.56
119,C,87.93,0.5155,0.3344,154.07,242.0,1.0,0.0,0.0,1020,1630,B,answered,B,240.12,101.11,139.01,94.52,145.6,93.925,9.28,110.0,0.56
119,D,101.11,0.6495,0.3902,143.59,244.7,0.9998,0.0,0.0002,1055,1630,B,answered,B,240.12,101.11,139.01,94.52,145.6,93.925,9.28,110.0,0.56
120,A,105.25,0.6598,0.282,130.75,236.0,0.0005,0.0,0.9995,948,1658,C,answered,C,232.12,116.05,116.07,97.605,134.515,93.925,9.28,110.0,0.56
120,B,116.05,0.7732,0.3377,117.65,233.7,0.9913,0.0,0.0087,984,1658,C,answered,C,232.12,116.05,116.07,97.605,134.515,93.925,9.28,110.0,0.56
120,C,232.12,1.0,0.9803,5.88,238.0,1.0,0.0,0.0,1020,1658,C,answered,C,232.12,116.05,116.07,97.605,134.515,93.925,9.28,110.0,0.56
120,D,89.96,0.5979,0.2951,147.04,237.0,1.0,0.0,0.0,1054,1658,C,answered,C,232.12,116.05,116.07,97.605,134.515,93.925,9.28,110.0,0.56
121,A,105.95,0.6701,0.318,135.05,241.0,0.0276,0.0,0.9724,948,1688,C,answered,C,236.05,106.8,129.25,95.15,140.9,93.925,9.28,110.0,0.56
121,B,106.8,0.6701,0.3705,131.2,238.0,0.9991,0.0,0.0009,984,1688,C,answered,C,236.05,106.8,129.25,95.15,140.9,93.925,9.28,110.0,0.56
121,C,236.05,1.0,0.8852,5.95,242.0,1.0,0.0,0.0,1020,1688,C,answered,C,236.05,106.8,129.25,95.15,140.9,93.925,9.28,110.0,0.56
121,D,84.35,0.5464,0.3541,154.35,238.7,0.9999,0.0,0.0001,1054,1688,C,answered,C,236.05,106.8,129.25,95.15,140.9,93.925,9.28,110.0,0.56
122,A,114.79,0.6701,0.3344,131.91,246.7,0.6151,0.0002,0.3848,948,1716,C,answered,C,242.05,124.89,117.16,110.325,131.725,93.925,9.28,110.0,0.56
122,B,124.89,0.7732,0.3902,121.11,246.0,0.9999,0.0,0.0001,984,1716,C,answered,C,242.05,124.89,117.16,110.325,131.725,93.925,9.28,110.0,0.56
122,C,242.05,1.0,0.9738,5.95,248.0,1.0,0.0,0.0,1020,1716,C,answered,C,242.05,124.89,117.16,110.325,131.725,93.925,9.28,110.0,0.56
122,D,105.86,0.6804,0.3836,138.84,244.7,0.9998,0.0,0.0002,1055,1716,C,answered,C,242.05,124.89,117.16,110.325,131.725,93.925,9.28,110.0,0.56
123,A,101.82,0.6804,0.2852,133.18,235.0,0.0004,0.0001,0.9995,948,1744,C,answered,C,234.12,116.19,117.93,96.085,138.035,93.925,9.28,110.0,0.56
123,B,116.19,0.7732,0.3311,117.81,234.0,0.9907,0.0,0.0093,984,1744,C,answered,C,234.12,116.19,117.93,96.085,138.035,93.925,9.28,110.0,0.56
123,C,234.12,1.0,0.9869,5.88,240.0,1.0,0.0,0.0,1020,1744,C,answered,C,234.12,116.19,117.93,96.085,138.035,93.925,9.28,110.0,0.56
123,D,90.35,0.6186,0.3082,144.65,235.0,0.9999,0.0,0.0001,1054,1744,C,answered,C,234.12,116.19,117.93,96.085,138.035,93.925,9.28,110.0,0.56
124,A,100.66,0.6598,0.3115,133.34,234.0,0.0021,0.0,0.9978,948,1774,C,answered,C,230.05,101.33,128.72,88.64,141.41,93.925,9.28,110.0,0.56
124,B,101.33,0.6804,0.3475,134.67,236.0,0.9996,0.0,0.0004,984,1774,C,answered,C,230.05,101.33,128.72,88.64,141.41,93.925,9.28,110.0,0.56
124,C,230.05,1.0,0.9049,5.95,236.0,1.0,0.0,0.0,1020,1774,C,answered,C,230.05,101.33,128.72,88.64,141.41,93.925,9.28,110.0,0.56
124,D,76.62,0.5567,0.3311,156.38,233.0,0.9999,0.0,0.0001,1054,1774,C,answered,C,230.05,101.33,128.72,88.64,141.41,93.925,9.28,110.0,0.56
125,A,106.61,0.6804,0.3082,132.39,239.0,0.0003,0.0,0.9997,948,1800,C,answered,C,240.12,107.44,132.68,107.025,133.095,93.925,9.28,110.0,0.56
125,B,122.87,0.7629,0.3377,117.13,240.0,0.923,0.0,0.077,984,1801,C,answered,C,240.12,107.44,132.68,107.025,133.095,93.925,9.28,110.0,0.56
125,C,240.12,1.0,0.9934,5.88,246.0,1.0,0.0,0.0,1020,1802,C,answered,C,240.12,107.44,132.68,107.025,133.095,93.925,9.28,110.0,0.56
125,D,107.44,0.6701,0.3443,131.56,239.0,0.9997,0.0,0.0003,1054,1801,C,answered,C,240.12,107.44,132.68,107.025,133.095,93.925,9.28,110.0,0.56
126,A,99.62,0.6701,0.282,134.38,234.0,0.0001,0.0,0.9999,948,1830,D,answered,D,232.74,113.82,118.92,89.065,143.675,93.925,9.28,110.0,0.56
126,B,113.82,0.7629,0.3443,120.18,234.0,0.9895,0.0,0.0105,984,1830,D,answered,D,232.74,113.82,118.92,89.065,143.675,93.925,9.28,110.0,0.56
126,C,78.51,0.5155,0.2525,156.49,235.0,0.979,0.0001,0.0209,1020,1830,D,answered,D,232.74,113.82,118.92,89.065,143.675,93.925,9.28,110.0,0.56
126,D,232.74,1.0,0.8754,6.26,239.0,1.0,0.0,0.0,1054,1831,D,answered,D,232.74,113.82,118.92,89.065,143.675,93.925,9.28,110.0,0.56
127,A,97.46,0.6495,0.2852,136.24,233.7,0.0005,0.0,0.9995,948,1860,C,answered,C,234.05,107.73,126.32,91.25,142.8,93.925,9.28,110.0,0.56
127,B,107.73,0.7423,0.3672,128.27,236.0,0.9895,0.0,0.0105,984,1860,C,answered,C,234.05,107.73,126.32,91.25,142.8,93.925,9.28,110.0,0.56
127,C,234.05,1.0,0.9311,5.95,240.0,1.0,0.0,0.0,1020,1860,C,answered,C,234.05,107.73,126.32,91.25,142.8,93.925,9.28,110.0,0.56
127,D,85.04,0.5876,0.3311,151.96,237.0,1.0,0.0,0.0,1054,1860,C,answered,C,234.05,107.73,126.32,91.25,142.8,93.925,9.28,110.0,0.56
128,A,96.78,0.6082,0.3148,142.92,239.7,0.0008,0.0,0.9992,948,1886,D,answered,D,238.05,122.4,115.65,93.25,144.8,93.925,9.28,110.0,0.56
128,B,122.4,0.7526,0.377,119.6,242.0,0.9991,0.0,0.0009,984,1888,D,answered,D,238.05,122.4,115.65,93.25,144.8,93.925,9.28,110.0,0.56
128,C,89.72,0.567,0.2656,149.28,239.0,0.9645,0.0,0.0355,1020,1887,D,answered,D,238.05,122.4,115.65,93.25,144.8,93.925,9.28,110.0,0.56
128,D,238.05,1.0,0.9148,5.95,244.0,1.0,0.0,0.0,1054,1888,D,answered,D,238.05,122.4,115.65,93.25,144.8,93.925,9.28,110.0,0.56
129,A,99.11,0.6186,0.2787,136.89,236.0,0.0003,0.0,0.9997,948,1916,D,answered,D,233.82,117.45,116.37,92.88,140.94,93.925,9.28,110.0,0.56
129,B,117.45,0.7938,0.3672,119.25,236.7,0.9515,0.0,0.0485,984,1917,D,answered,D,233.82,117.45,116.37,92.88,140.94,93.925,9.28,110.0,0.56
129,C,86.65,0.5464,0.2787,149.05,235.7,0.999,0.0,0.001,1020,1917,D,answered,D,233.82,117.45,116.37,92.88,140.94,93.925,9.28,110.0,0.56
129,D,233.82,1.0,0.9377,5.88,239.7,1.0,0.0,0.0,1054,1916,D,answered,D,233.82,117.45,116.37,92.88,140.94,93.925,9.28,110.0,0.56
130,A,107.76,0.6804,0.2885,131.24,239.0,0.0501,0.0002,0.9497,948,1946,D,answered,D,238.12,113.14,124.98,92.645,145.475,93.925,9.28,110.0,0.56
130,B,113.14,0.7216,0.3377,125.56,238.7,0.9998,0.0,0.0002,984,1946,D,answered,D,238.12,113.14,124.98,92.645,145.475,93.925,9.28,110.0,0.56
130,C,77.53,0.4845,0.2656,160.47,238.0,0.9992,0.0,0.0008,1020,1946,D,answered,D,238.12,113.14,124.98,92.645,145.475,93.925,9.28,110.0,0.56
130,D,238.12,1.0,0.9443,5.88,244.0,1.0,0.0,0.0,1054,1946,D,answered,D,238.12,113.14,124.98,92.645,145.475,93.925,9.28,110.0,0.56
131,A,93.22,0.5979,0.3148,142.78,236.0,0.0048,0.0,0.9952,948,1972,B,answered,B,238.05,107.14,130.91,90.945,147.105,93.925,9.28,110.0,0.56
131,B,238.05,1.0,0.9541,5.95,244.0,1.0,0.0,0.0,984,1974,B,answered,B,238.05,107.14,130.91,90.945,147.105,93.925,9.28,110.0,0.56
131,C,88.67,0.567,0.2951,147.03,235.7,0.9901,0.0,0.0099,1020,1974,B,answered,B,238.05,107.14,130.91,90.945,147.105,93.925,9.28,110.0,0.56
131,D,107.14,0.6804,0.3508,129.86,237.0,0.8716,0.0,0.1284,1055,1974,B,answered,B,238.05,107.14,130.91,90.945,147.105,93.925,9.28,110.0,0.56
132,A,234.05,1.0,0.9082,5.95,240.0,1.0,0.0,0.0,948,2004,A,answered,A,234.05,91.96,142.09,86.075,147.975,93.925,9.28,110.0,0.56
132,B,109.21,0.6598,0.3279,129.49,238.7,0.9938,0.0,0.0062,984,2003,A,answered,A,234.05,91.96,142.09,86.075,147.975,93.925,9.28,110.0,0.56
132,C,80.19,0.5155,0.2721,156.51,236.7,0.9968,0.0,0.0032,1020,2003,A,answered,A,234.05,91.96,142.09,86.075,147.975,93.925,9.28,110.0,0.56
132,D,91.96,0.6186,0.3377,144.74,236.7,0.8202,0.0001,0.1798,1055,2003,A,answered,A,234.05,91.96,142.09,86.075,147.975,93.925,9.28,110.0,0.56
133,A,104.35,0.701,0.2918,130.65,235.0,0.0008,0.0,0.9992,948,2032,B,answered,B,235.82,97.0,138.82,89.385,146.435,93.925,9.28,110.0,0.56
133,B,235.82,1.0,0.9836,5.88,241.7,1.0,0.0,0.0,984,2032,B,answered,B,235.82,97.0,138.82,89.385,146.435,93.925,9.28,110.0,0.56
133,C,81.77,0.5464,0.2787,156.23,238.0,0.9977,0.0,0.0023,1020,2032,B,answered,B,235.82,97.0,138.82,89.385,146.435,93.925,9.28,110.0,0.56
133,D,97.0,0.6598,0.3213,136.0,233.0,0.9211,0.0,0.0788,1055,2032,B,answered,B,235.82,97.0,138.82,89.385,146.435,93.925,9.28,110.0,0.56
134,A,91.61,0.6186,0.3639,141.39,233.0,0.0003,0.0,0.9997,948,2058,D,answered,D,233.82,91.61,142.21,90.435,143.385,93.925,9.28,110.0,0.56
134,B,115.72,0.7423,0.3475,122.28,238.0,0.88,0.0,0.1199,984,2060,D,answered,D,233.82,91.61,142.21,90.435,143.385,93.925,9.28,110.0,0.56
134,C,89.26,0.5567,0.2721,149.74,239.0,0.9972,0.0,0.0028,1020,2060,D,answered,D,233.82,91.61,142.21,90.435,143.385,93.925,9.28,110.0,0.56
134,D,233.82,1.0,0.9541,5.88,239.7,1.0,0.0,0.0,1054,2060,D,answered,D,233.82,91.61,142.21,90.435,143.385,93.925,9.28,110.0,0.56
135,A,110.26,0.701,0.2984,128.74,239.0,0.0018,0.0,0.9982,948,2089,B,answered,B,237.05,100.56,136.49,87.945,149.105,93.925,9.28,110.0,0.56
135,B,237.05,1.0,0.9082,5.95,243.0,1.0,0.0,0.0,984,2090,B,answered,B,237.05,100.56,136.49,87.945,149.105,93.925,9.28,110.0,0.56
135,C,75.33,0.4742,0.2426,161.67,237.0,0.9998,0.0,0.0002,1020,2089,B,answered,B,237.05,100.56,136.49,87.945,149.105,93.925,9.28,110.0,0.56
135,D,100.56,0.6701,0.3344,139.14,239.7,0.9622,0.0,0.0378,1055,2089,B,answered,B,237.05,100.56,136.49,87.945,149.105,93.925,9.28,110.0,0.56
136,A,93.97,0.5979,0.2984,145.03,239.0,0.0084,0.0005,0.9911,1313,823,C,answered,C,237.61,99.05,138.56,96.51,141.1,93.925,9.28,110.0,0.56
136,B,99.05,0.6598,0.3738,135.65,234.7,0.9986,0.0,0.0014,1350,824,C,answered,C,237.61,99.05,138.56,96.51,141.1,93.925,9.28,110.0,0.56
136,C,237.61,1.0,0.8262,10.09,247.7,1.0,0.0,0.0,1384,822,C,answered,C,237.61,99.05,138.56,96.51,141.1,93.925,9.28,110.0,0.56
136,D,101.05,0.6701,0.3082,136.95,238.0,0.9975,0.0002,0.0023,1420,824,C,answered,C,237.61,99.05,138.56,96.51,141.1,93.925,9.28,110.0,0.56
137,A,109.67,0.701,0.2984,128.03,237.7,0.0034,0.0,0.9966,1313,854,D,answered,D,240.12,99.69,140.43,80.735,159.385,93.925,9.28,110.0,0.56
137,B,99.69,0.6186,0.3574,136.31,236.0,0.8978,0.0,0.1022,1350,854,D,answered,D,240.12,99.69,140.43,80.735,159.385,93.925,9.28,110.0,0.56
137,C,61.78,0.3814,0.2787,174.22,236.0,0.4372,0.0001,0.5627,1386,854,D,answered,D,240.12,99.69,140.43,80.735,159.385,93.925,9.28,110.0,0.56
137,D,240.12,1.0,0.9836,5.88,246.0,1.0,0.0,0.0,1420,854,D,answered,D,240.12,99.69,140.43,80.735,159.385,93.925,9.28,110.0,0.56
138,A,111.91,0.701,0.3246,128.09,240.0,0.0136,0.0003,0.9861,1313,882,C,answered,C,237.05,110.3,126.75,111.105,125.945,93.925,9.28,110.0,0.56
138,B,110.3,0.6701,0.3869,132.4,242.7,0.9531,0.0,0.0469,1350,882,C,answered,C,237.05,110.3,126.75,111.105,125.945,93.925,9.28,110.0,0.56
138,C,237.05,1.0,0.9016,5.95,243.0,1.0,0.0,0.0,1386,882,C,answered,C,237.05,110.3,126.75,111.105,125.945,93.925,9.28,110.0,0.56
138,D,112.59,0.6701,0.3475,129.41,242.0,0.9998,0.0,0.0002,1420,882,C,answered,C,237.05,110.3,126.75,111.105,125.945,93.925,9.28,110.0,0.56
139,A,99.51,0.6186,0.2787,136.49,236.0,0.047,0.0004,0.9527,1313,910,C,answered,C,233.82,99.25,134.57,99.38,134.44,93.925,9.28,110.0,0.56
139,B,99.25,0.6804,0.3869,134.75,234.0,0.9855,0.0,0.0145,1350,910,C,answered,C,233.82,99.25,134.57,99.38,134.44,93.925,9.28,110.0,0.56
139,C,233.82,1.0,0.9574,5.88,239.7,1.0,0.0,0.0,1386,911,C,answered,C,233.82,99.25,134.57,99.38,134.44,93.925,9.28,110.0,0.56
139,D,99.95,0.6701,0.3246,136.05,236.0,0.98,0.0004,0.0196,1420,910,C,answered,C,233.82,99.25,134.57,99.38,134.44,93.925,9.28,110.0,0.56
140,A,106.27,0.701,0.2885,129.73,236.0,0.0357,0.0001,0.9642,1313,940,B,answered,B,236.05,106.27,129.78,81.185,154.865,93.925,9.28,110.0,0.56
140,B,236.05,1.0,0.9443,5.95,242.0,1.0,0.0,0.0,1350,940,B,answered,B,236.05,106.27,129.78,81.185,154.865,93.925,9.28,110.0,0.56
140,C,67.34,0.3918,0.2656,172.66,240.0,0.9775,0.0,0.0225,1386,940,B,answered,B,236.05,106.27,129.78,81.185,154.865,93.925,9.28,110.0,0.56
140,D,95.03,0.5464,0.2721,146.97,242.0,0.9991,0.0,0.0009,1420,940,B,answered,B,236.05,106.27,129.78,81.185,154.865,93.925,9.28,110.0,0.56
141,A,239.05,1.0,0.9934,5.95,245.0,1.0,0.0,0.0,1313,968,A,answered,A,239.05,111.27,127.78,94.925,144.125,93.925,9.28,110.0,0.56
141,B,111.27,0.6907,0.3639,129.43,240.7,0.3987,0.0,0.6013,1350,968,A,answered,A,239.05,111.27,127.78,94.925,144.125,93.925,9.28,110.0,0.56
141,C,78.58,0.5052,0.3049,162.42,241.0,0.2373,0.0002,0.7625,1386,968,A,answered,A,239.05,111.27,127.78,94.925,144.125,93.925,9.28,110.0,0.56
141,D,111.73,0.6701,0.3377,132.27,244.0,0.9744,0.0003,0.0253,1420,968,A,answered,A,239.05,111.27,127.78,94.925,144.125,93.925,9.28,110.0,0.56
142,A,101.93,0.6495,0.3213,134.07,236.0,0.018,0.0001,0.982,1313,998,C,answered,C,233.12,101.28,131.84,101.54,131.58,93.925,9.28,110.0,0.56
142,B,101.28,0.701,0.4197,129.42,230.7,0.9854,0.0,0.0146,1350,998,C,answered,C,233.12,101.28,131.84,101.54,131.58,93.925,9.28,110.0,0.56
142,C,233.12,1.0,0.9869,5.88,239.0,1.0,0.0,0.0,1386,997,C,answered,C,233.12,101.28,131.84,101.54,131.58,93.925,9.28,110.0,0.56
142,D,101.8,0.6701,0.3672,132.2,234.0,0.9996,0.0,0.0004,1420,998,C,answered,C,233.12,101.28,131.84,101.54,131.58,93.925,9.28,110.0,0.56
143,A,107.9,0.6804,0.2787,130.1,238.0,0.2438,0.0003,0.7559,1313,1026,C,answered,C,234.12,97.86,136.26,99.72,134.4,93.925,9.28,110.0,0.56
143,B,97.86,0.6495,0.3738,136.14,234.0,0.8363,0.0,0.1637,1350,1026,C,answered,C,234.12,97.86,136.26,99.72,134.4,93.925,9.28,110.0,0.56
143,C,234.12,1.0,0.9738,5.88,240.0,1.0,0.0,0.0,1386,1026,C,answered,C,234.12,97.86,136.26,99.72,134.4,93.925,9.28,110.0,0.56
143,D,101.58,0.6495,0.3115,139.12,240.7,0.9998,0.0,0.0002,1420,1026,C,answered,C,234.12,97.86,136.26,99.72,134.4,93.925,9.28,110.0,0.56
144,A,241.0,1.0,0.9344,6.0,247.0,1.0,0.0,0.0,1313,1054,A,answered,A,241.0,106.2,134.8,91.45,149.55,93.925,9.28,110.0,0.56
144,B,106.2,0.6701,0.3639,135.8,242.0,0.1344,0.0,0.8656,1350,1054,A,answered,A,241.0,106.2,134.8,91.45,149.55,93.925,9.28,110.0,0.56
144,C,76.7,0.4845,0.2754,164.0,240.7,0.0986,0.0002,0.9012,1386,1054,A,answered,A,241.0,106.2,134.8,91.45,149.55,93.925,9.28,110.0,0.56
144,D,108.44,0.6804,0.318,131.56,240.0,0.9934,0.0001,0.0065,1420,1054,A,answered,A,241.0,106.2,134.8,91.45,149.55,93.925,9.28,110.0,0.56
145,A,234.0,1.0,0.9574,6.0,240.0,1.0,0.0,0.0,1313,1084,A,answered,A,234.0,95.78,138.22,67.23,166.77,93.925,9.28,110.0,0.56
145,B,95.78,0.5979,0.3803,140.22,236.0,0.9868,0.0,0.0132,1350,1084,A,answered,A,234.0,95.78,138.22,67.23,166.77,93.925,9.28,110.0,0.56
145,C,49.77,0.3505,0.3016,182.23,232.0,0.809,0.0001,0.1909,1386,1084,A,answered,A,234.0,95.78,138.22,67.23,166.77,93.925,9.28,110.0,0.56
145,D,84.69,0.5773,0.3508,150.31,235.0,0.9997,0.0,0.0002,1420,1084,A,answered,A,234.0,95.78,138.22,67.23,166.77,93.925,9.28,110.0,0.56
146,A,107.54,0.6907,0.2918,128.46,236.0,0.2325,0.0002,0.7672,1313,1112,C,answered,C,232.75,105.55,127.2,106.235,126.515,93.925,9.28,110.0,0.56
146,B,105.55,0.6701,0.377,133.45,239.0,0.9977,0.0,0.0023,1350,1112,C,answered,C,232.75,105.55,127.2,106.235,126.515,93.925,9.28,110.0,0.56
146,C,232.75,1.0,0.941,5.95,238.7,1.0,0.0,0.0,1386,1113,C,answered,C,232.75,105.55,127.2,106.235,126.515,93.925,9.28,110.0,0.56
146,D,106.92,0.6804,0.341,133.08,240.0,0.9999,0.0,0.0001,1420,1112,C,answered,C,232.75,105.55,127.2,106.235,126.515,93.925,9.28,110.0,0.56
147,A,106.37,0.6701,0.2787,135.63,242.0,0.0049,0.0001,0.9949,1313,1140,B,answered,B,240.05,110.3,129.75,92.16,147.89,93.925,9.28,110.0,0.56
147,B,240.05,1.0,0.941,5.95,246.0,1.0,0.0,0.0,1350,1140,B,answered,B,240.05,110.3,129.75,92.16,147.89,93.925,9.28,110.0,0.56
147,C,77.95,0.4845,0.282,162.75,240.7,0.0377,0.0001,0.9622,1386,1140,B,answered,B,240.05,110.3,129.75,92.16,147.89,93.925,9.28,110.0,0.56
147,D,110.3,0.6598,0.3016,132.4,242.7,0.6627,0.0011,0.3362,1420,1140,B,answered,B,240.05,110.3,129.75,92.16,147.89,93.925,9.28,110.0,0.56
148,A,235.12,1.0,0.9869,5.88,241.0,1.0,0.0,0.0,1313,1170,A,answered,A,235.12,99.76,135.36,73.79,161.33,93.925,9.28,110.0,0.56
148,B,99.76,0.6289,0.3967,138.24,238.0,0.93,0.0,0.07,1350,1170,A,answered,A,235.12,99.76,135.36,73.79,161.33,93.925,9.28,110.0,0.56
148,C,54.0,0.3711,0.2951,182.7,236.7,0.4133,0.0001,0.5866,1386,1170,A,answered,A,235.12,99.76,135.36,73.79,161.33,93.925,9.28,110.0,0.56
148,D,93.58,0.6082,0.3475,144.42,238.0,0.995,0.0,0.005,1420,1170,A,answered,A,235.12,99.76,135.36,73.79,161.33,93.925,9.28,110.0,0.56
149,A,106.38,0.7113,0.3016,129.62,236.0,0.0009,0.0,0.9991,1313,1199,C,answered,C,238.12,97.0,141.12,96.735,141.385,93.925,9.28,110.0,0.56
149,B,97.0,0.5876,0.3377,142.7,239.7,0.907,0.0,0.093,1350,1199,C,answered,C,238.12,97.0,141.12,96.735,141.385,93.925,9.28,110.0,0.56
149,C,238.12,1.0,0.9574,5.88,244.0,1.0,0.0,0.0,1386,1199,C,answered,C,238.12,97.0,141.12,96.735,141.385,93.925,9.28,110.0,0.56
149,D,96.47,0.5979,0.3016,142.53,239.0,0.9996,0.0,0.0004,1420,1199,C,answered,C,238.12,97.0,141.12,96.735,141.385,93.925,9.28,110.0,0.56
150,A,93.55,0.6082,0.3246,142.45,236.0,0.0455,0.0002,0.9543,1313,1225,B,answered,B,239.75,93.55,146.2,85.16,154.59,93.925,9.28,110.0,0.56
150,B,239.75,1.0,0.941,5.95,245.7,1.0,0.0,0.0,1350,1226,B,answered,B,239.75,93.55,146.2,85.16,154.59,93.925,9.28,110.0,0.56
150,C,76.77,0.4639,0.2852,165.93,242.7,0.11,0.0001,0.8899,1386,1226,B,answered,B,239.75,93.55,146.2,85.16,154.59,93.925,9.28,110.0,0.56
150,D,103.1,0.6701,0.3082,137.6,240.7,0.9114,0.0002,0.0884,1420,1226,B,answered,B,239.75,93.55,146.2,85.16,154.59,93.925,9.28,110.0,0.56
151,A,232.75,1.0,0.918,5.95,238.7,1.0,0.0,0.0,1313,1256,A,answered,A,232.75,97.98,134.77,74.03,158.72,93.925,9.28,110.0,0.56
151,B,97.98,0.6186,0.377,141.02,239.0,0.985,0.0,0.015,1350,1256,A,answered,A,232.75,97.98,134.77,74.03,158.72,93.925,9.28,110.0,0.56
151,C,58.21,0.4021,0.2885,176.49,234.7,0.4994,0.0001,0.5005,1386,1256,A,answered,A,232.75,97.98,134.77,74.03,158.72,93.925,9.28,110.0,0.56
151,D,89.85,0.6186,0.3377,142.15,232.0,0.9959,0.0,0.0041,1420,1256,A,answered,A,232.75,97.98,134.77,74.03,158.72,93.925,9.28,110.0,0.56
152,A,101.16,0.6701,0.3082,133.84,235.0,0.0494,0.0,0.9506,1313,1286,B,answered,B,239.75,87.61,152.14,69.685,170.065,93.925,9.28,110.0,0.56
152,B,239.75,1.0,0.9344,5.95,245.7,1.0,0.0,0.0,1350,1285,B,answered,B,239.75,87.61,152.14,69.685,170.065,93.925,9.28,110.0,0.56
152,C,51.76,0.3711,0.2984,182.24,234.0,0.9623,0.0,0.0377,1386,1286,B,answered,B,239.75,87.61,152.14,69.685,170.065,93.925,9.28,110.0,0.56
152,D,87.61,0.567,0.341,148.39,236.0,0.9984,0.0,0.0016,1420,1286,B,answered,B,239.75,87.61,152.14,69.685,170.065,93.925,9.28,110.0,0.56
153,A,117.79,0.6907,0.3082,125.21,243.0,0.0009,0.0001,0.999,1313,1313,B,answered,B,237.45,110.94,126.51,96.16,141.29,93.925,9.28,110.0,0.56
153,B,237.45,1.0,0.9377,5.95,243.4,1.0,0.0,0.0,1350,1312,B,answered,B,237.45,110.94,126.51,96.16,141.29,93.925,9.28,110.0,0.56
153,C,81.38,0.4845,0.2951,162.62,244.0,0.0421,0.0001,0.9578,1386,1313,B,answered,B,237.45,110.94,126.51,96.16,141.29,93.925,9.28,110.0,0.56
153,D,110.94,0.6701,0.3377,129.76,240.7,0.9988,0.0,0.0012,1420,1313,B,answered,B,237.45,110.94,126.51,96.16,141.29,93.925,9.28,110.0,0.56
154,A,232.12,1.0,0.9639,5.88,238.0,1.0,0.0,0.0,1313,1342,A,answered,A,232.12,101.29,130.83,77.615,154.505,93.925,9.28,110.0,0.56
154,B,101.29,0.5979,0.3508,134.71,236.0,0.969,0.0,0.031,1350,1342,A,answered,A,232.12,101.29,130.83,77.615,154.505,93.925,9.28,110.0,0.56
154,C,59.14,0.3814,0.2656,176.56,235.7,0.8372,0.0001,0.1628,1386,1342,A,answered,A,232.12,101.29,130.83,77.615,154.505,93.925,9.28,110.0,0.56
154,D,96.09,0.6495,0.3344,137.91,234.0,0.9997,0.0,0.0003,1420,1342,A,answered,A,232.12,101.29,130.83,77.615,154.505,93.925,9.28,110.0,0.56
155,A,114.49,0.6701,0.3443,128.21,242.7,0.2154,0.0002,0.7845,1313,1371,C,answered,C,243.12,116.85,126.27,115.67,127.45,93.925,9.28,110.0,0.56
155,B,116.85,0.7216,0.4164,127.15,244.0,0.9938,0.0,0.0062,1350,1370,C,answered,C,243.12,116.85,126.27,115.67,127.45,93.925,9.28,110.0,0.56
155,C,243.12,1.0,0.9902,5.88,249.0,1.0,0.0,0.0,1386,1370,C,answered,C,243.12,116.85,126.27,115.67,127.45,93.925,9.28,110.0,0.56
155,D,122.13,0.6804,0.3705,124.57,246.7,0.9997,0.0,0.0003,1420,1370,C,answered,C,243.12,116.85,126.27,115.67,127.45,93.925,9.28,110.0,0.56
156,A,112.19,0.701,0.3049,126.81,239.0,0.0014,0.0,0.9985,1313,1399,C,answered,C,240.12,101.03,139.09,104.06,136.06,93.925,9.28,110.0,0.56
156,B,101.03,0.6186,0.3738,138.97,240.0,0.9917,0.0,0.0083,1350,1400,C,answered,C,240.12,101.03,139.09,104.06,136.06,93.925,9.28,110.0,0.56
156,C,240.12,1.0,0.9508,5.88,246.0,1.0,0.0,0.0,1386,1398,C,answered,C,240.12,101.03,139.09,104.06,136.06,93.925,9.28,110.0,0.56
156,D,107.09,0.6598,0.3541,133.61,240.7,0.9999,0.0,0.0001,1420,1400,C,answered,C,240.12,101.03,139.09,104.06,136.06,93.925,9.28,110.0,0.56
157,A,106.0,0.701,0.3049,128.7,234.7,0.0038,0.0001,0.9961,1313,1428,B,answered,B,232.05,97.15,134.9,77.445,154.605,93.925,9.28,110.0,0.56
157,B,232.05,1.0,0.9344,5.95,238.0,1.0,0.0,0.0,1350,1428,B,answered,B,232.05,97.15,134.9,77.445,154.605,93.925,9.28,110.0,0.56
157,C,57.74,0.4227,0.2754,174.96,232.7,0.8476,0.0001,0.1522,1386,1428,B,answered,B,232.05,97.15,134.9,77.445,154.605,93.925,9.28,110.0,0.56
157,D,97.15,0.6701,0.3279,136.85,234.0,0.9999,0.0,0.0001,1420,1428,B,answered,B,232.05,97.15,134.9,77.445,154.605,93.925,9.28,110.0,0.56
158,A,240.12,1.0,1.0,5.88,246.0,1.0,0.0,0.0,1313,1457,A,answered,A,240.12,116.4,123.72,101.74,138.38,93.925,9.28,110.0,0.56
158,B,116.4,0.7113,0.4328,126.6,243.0,0.9668,0.0,0.0332,1350,1456,A,answered,A,240.12,116.4,123.72,101.74,138.38,93.925,9.28,110.0,0.56
158,C,87.08,0.4845,0.3311,161.92,249.0,0.8912,0.0,0.1088,1386,1456,A,answered,A,240.12,116.4,123.72,101.74,138.38,93.925,9.28,110.0,0.56
158,D,121.89,0.701,0.3869,124.11,246.0,0.9999,0.0,0.0001,1420,1456,A,answered,A,240.12,116.4,123.72,101.74,138.38,93.925,9.28,110.0,0.56
159,A,109.53,0.6907,0.3213,130.47,240.0,0.0059,0.0002,0.9939,1313,1486,D,answered,D,239.82,108.99,130.83,91.895,147.925,93.925,9.28,110.0,0.56
159,B,108.99,0.6598,0.3705,132.01,241.0,0.9867,0.0,0.0133,1350,1486,D,answered,D,239.82,108.99,130.83,91.895,147.925,93.925,9.28,110.0,0.56
159,C,74.8,0.4742,0.318,164.9,239.7,0.4925,0.0001,0.5074,1386,1486,D,answered,D,239.82,108.99,130.83,91.895,147.925,93.925,9.28,110.0,0.56
159,D,239.82,1.0,0.9607,5.88,245.7,1.0,0.0,0.0,1420,1485,D,answered,D,239.82,108.99,130.83,91.895,147.925,93.925,9.28,110.0,0.56
160,A,99.63,0.6598,0.2918,135.07,234.7,0.0251,0.0003,0.9746,1313,1515,C,answered,C,234.82,99.13,135.69,99.38,135.44,93.925,9.28,110.0,0.56
160,B,99.13,0.6907,0.3803,134.57,233.7,0.9867,0.0,0.0133,1350,1514,C,answered,C,234.82,99.13,135.69,99.38,135.44,93.925,9.28,110.0,0.56
160,C,234.82,1.0,0.9705,5.88,240.7,1.0,0.0,0.0,1386,1515,C,answered,C,234.82,99.13,135.69,99.38,135.44,93.925,9.28,110.0,0.56
160,D,104.1,0.6804,0.3279,132.6,236.7,1.0,0.0,0.0,1420,1514,C,answered,C,234.82,99.13,135.69,99.38,135.44,93.925,9.28,110.0,0.56
161,A,108.55,0.6907,0.3639,130.45,239.0,0.9719,0.0,0.0281,1313,1544,B,answered,B,234.64,102.03,132.61,84.135,150.505,93.925,9.28,110.0,0.56
161,B,234.64,1.0,0.9246,6.36,241.0,1.0,0.0,0.0,1350,1544,B,answered,B,234.64,102.03,132.61,84.135,150.505,93.925,9.28,110.0,0.56
161,C,66.24,0.433,0.3607,172.76,239.0,0.9948,0.0,0.0052,1386,1544,B,answered,B,234.64,102.03,132.61,84.135,150.505,93.925,9.28,110.0,0.56
161,D,102.03,0.6082,0.3836,138.97,241.0,1.0,0.0,0.0,1420,1544,B,answered,B,234.64,102.03,132.61,84.135,150.505,93.925,9.28,110.0,0.56
162,A,108.86,0.6701,0.2951,131.14,240.0,0.0061,0.0002,0.9937,1313,1572,C,answered,C,234.05,100.87,133.18,104.525,129.525,93.925,9.28,110.0,0.56
162,B,100.87,0.6598,0.377,133.13,234.0,0.6497,0.0,0.3503,1350,1572,C,answered,C,234.05,100.87,133.18,104.525,129.525,93.925,9.28,110.0,0.56
162,C,234.05,1.0,0.9311,5.95,240.0,1.0,0.0,0.0,1386,1572,C,answered,C,234.05,100.87,133.18,104.525,129.525,93.925,9.28,110.0,0.56
162,D,108.18,0.6495,0.3115,130.82,239.0,0.9999,0.0,0.0001,1420,1572,C,answered,C,234.05,100.87,133.18,104.525,129.525,93.925,9.28,110.0,0.56
163,A,238.05,1.0,0.9574,5.95,244.0,1.0,0.0,0.0,1313,1600,A,answered,A,238.05,90.75,147.3,75.905,162.145,93.925,9.28,110.0,0.56
163,B,90.75,0.5979,0.4066,143.25,234.0,0.992,0.0,0.008,1350,1602,A,answered,A,238.05,90.75,147.3,75.905,162.145,93.925,9.28,110.0,0.56
163,C,61.06,0.3918,0.2721,177.64,238.7,0.4528,0.0001,0.5471,1386,1601,A,answered,A,238.05,90.75,147.3,75.905,162.145,93.925,9.28,110.0,0.56
163,D,96.42,0.6082,0.318,143.28,239.7,0.9972,0.0,0.0028,1420,1601,A,answered,A,238.05,90.75,147.3,75.905,162.145,93.925,9.28,110.0,0.56
164,A,239.12,1.0,1.0,5.88,245.0,1.0,0.0,0.0,1313,1630,A,answered,A,239.12,106.4,132.72,89.805,149.315,93.925,9.28,110.0,0.56
164,B,106.4,0.6392,0.4262,134.3,240.7,0.9994,0.0,0.0006,1350,1630,A,answered,A,239.12,106.4,132.72,89.805,149.315,93.925,9.28,110.0,0.56
164,C,74.72,0.4639,0.3508,167.28,242.0,0.9934,0.0,0.0066,1386,1630,A,answered,A,239.12,106.4,132.72,89.805,149.315,93.925,9.28,110.0,0.56
164,D,104.89,0.6186,0.377,137.11,242.0,1.0,0.0,0.0,1420,1630,A,answered,A,239.12,106.4,132.72,89.805,149.315,93.925,9.28,110.0,0.56
165,A,105.85,0.6701,0.2852,131.15,237.0,0.0004,0.0,0.9995,1313,1658,D,answered,D,232.12,102.87,129.25,87.13,144.99,93.925,9.28,110.0,0.56
165,B,102.87,0.701,0.3672,132.13,235.0,0.3101,0.0,0.6898,1350,1658,D,answered,D,232.12,102.87,129.25,87.13,144.99,93.925,9.28,110.0,0.56
165,C,71.39,0.4948,0.2951,161.31,232.7,0.0536,0.0001,0.9463,1386,1658,D,answered,D,232.12,102.87,129.25,87.13,144.99,93.925,9.28,110.0,0.56
165,D,232.12,1.0,0.9639,5.88,238.0,1.0,0.0,0.0,1420,1658,D,answered,D,232.12,102.87,129.25,87.13,144.99,93.925,9.28,110.0,0.56
166,A,100.23,0.6495,0.3016,138.77,239.0,0.4985,0.0001,0.5015,1313,1688,D,answered,D,234.05,100.14,133.91,76.51,157.54,93.925,9.28,110.0,0.56
166,B,100.14,0.5773,0.3705,137.86,238.0,0.9966,0.0,0.0034,1350,1688,D,answered,D,234.05,100.14,133.91,76.51,157.54,93.925,9.28,110.0,0.56
166,C,52.88,0.3505,0.3115,183.12,236.0,0.661,0.0,0.339,1386,1688,D,answered,D,234.05,100.14,133.91,76.51,157.54,93.925,9.28,110.0,0.56
166,D,234.05,1.0,0.9016,5.95,240.0,1.0,0.0,0.0,1420,1688,D,answered,D,234.05,100.14,133.91,76.51,157.54,93.925,9.28,110.0,0.56
167,A,115.38,0.6907,0.3377,129.62,245.0,0.9702,0.0001,0.0297,1313,1716,D,answered,D,238.75,109.79,128.96,92.87,145.88,93.925,9.28,110.0,0.56
167,B,109.79,0.6701,0.4098,134.91,244.7,0.9991,0.0,0.0009,1350,1716,D,answered,D,238.75,109.79,128.96,92.87,145.88,93.925,9.28,110.0,0.56
167,C,75.95,0.4742,0.341,167.45,243.4,0.9762,0.0,0.0238,1386,1716,D,answered,D,238.75,109.79,128.96,92.87,145.88,93.925,9.28,110.0,0.56
167,D,238.75,1.0,0.9738,5.95,244.7,1.0,0.0,0.0,1420,1716,D,answered,D,238.75,109.79,128.96,92.87,145.88,93.925,9.28,110.0,0.56
168,A,99.23,0.6598,0.2754,135.77,235.0,0.0008,0.0001,0.999,1313,1744,C,answered,C,233.82,101.95,131.87,99.075,134.745,93.925,9.28,110.0,0.56
168,B,101.95,0.6598,0.3377,134.05,236.0,0.6228,0.0001,0.3772,1350,1744,C,answered,C,233.82,101.95,131.87,99.075,134.745,93.925,9.28,110.0,0.56
168,C,233.82,1.0,0.9836,5.88,239.7,1.0,0.0,0.0,1386,1744,C,answered,C,233.82,101.95,131.87,99.075,134.745,93.925,9.28,110.0,0.56
168,D,98.92,0.6701,0.3049,131.08,230.0,0.4969,0.0007,0.5024,1420,1744,C,answered,C,233.82,101.95,131.87,99.075,134.745,93.925,9.28,110.0,0.56
169,A,102.49,0.6701,0.3082,135.51,238.0,0.0127,0.0001,0.9872,1313,1774,B,answered,B,233.0,87.25,145.75,68.17,164.83,93.925,9.28,110.0,0.56
169,B,233.0,1.0,0.8885,6.0,239.0,1.0,0.0,0.0,1350,1774,B,answered,B,233.0,87.25,145.75,68.17,164.83,93.925,9.28,110.0,0.56
169,C,49.09,0.3814,0.2984,180.91,230.0,0.1611,0.0,0.8389,1386,1774,B,answered,B,233.0,87.25,145.75,68.17,164.83,93.925,9.28,110.0,0.56
169,D,87.25,0.5979,0.3443,143.75,231.0,0.9559,0.0,0.0441,1420,1774,B,answered,B,233.0,87.25,145.75,68.17,164.83,93.925,9.28,110.0,0.56
170,A,105.52,0.6598,0.2984,134.48,240.0,0.0165,0.0001,0.9834,1313,1800,D,answered,D,233.8,110.46,123.34,93.03,140.77,93.925,9.28,110.0,0.56
170,B,110.46,0.701,0.3705,131.54,242.0,0.5271,0.0,0.4729,1350,1801,D,answered,D,233.8,110.46,123.34,93.03,140.77,93.925,9.28,110.0,0.56
170,C,80.54,0.5052,0.2951,159.86,240.4,0.0057,0.0,0.9943,1386,1801,D,answered,D,233.8,110.46,123.34,93.03,140.77,93.925,9.28,110.0,0.56
170,D,233.8,1.0,0.9049,5.9,239.7,1.0,0.0,0.0,1420,1800,D,answered,D,233.8,110.46,123.34,93.03,140.77,93.925,9.28,110.0,0.56
171,A,233.05,1.0,0.9377,5.95,239.0,1.0,0.0,0.0,1313,1830,A,answered,A,233.05,94.28,138.77,82.48,150.57,93.925,9.28,110.0,0.56
171,B,94.28,0.6186,0.341,139.72,234.0,0.96,0.0,0.0399,1350,1830,A,answered,A,233.05,94.28,138.77,82.48,150.57,93.925,9.28,110.0,0.56
171,C,70.68,0.4845,0.2918,162.32,233.0,0.0184,0.0001,0.9815,1386,1830,A,answered,A,233.05,94.28,138.77,82.48,150.57,93.925,9.28,110.0,0.56
171,D,96.89,0.6392,0.3016,133.11,230.0,0.8867,0.0002,0.1131,1420,1830,A,answered,A,233.05,94.28,138.77,82.48,150.57,93.925,9.28,110.0,0.56
172,A,233.05,1.0,0.9344,5.95,239.0,1.0,0.0,0.0,1313,1860,A,answered,A,233.05,92.12,140.93,72.07,160.98,93.925,9.28,110.0,0.56
172,B,92.12,0.6186,0.377,140.88,233.0,0.9629,0.0,0.0371,1350,1860,A,answered,A,233.05,92.12,140.93,72.07,160.98,93.925,9.28,110.0,0.56
172,C,53.4,0.3814,0.2754,179.6,233.0,0.1058,0.0,0.8941,1386,1860,A,answered,A,233.05,92.12,140.93,72.07,160.98,93.925,9.28,110.0,0.56
172,D,90.74,0.6082,0.3344,140.96,231.7,0.8315,0.0,0.1685,1420,1860,A,answered,A,233.05,92.12,140.93,72.07,160.98,93.925,9.28,110.0,0.56
173,A,107.86,0.6804,0.2984,134.14,242.0,0.0003,0.0,0.9997,1313,1887,D,answered,D,235.05,103.35,131.7,89.2,145.85,93.925,9.28,110.0,0.56
173,B,103.35,0.6495,0.3803,135.65,239.0,0.7312,0.0,0.2687,1350,1888,D,answered,D,235.05,103.35,131.7,89.2,145.85,93.925,9.28,110.0,0.56
173,C,75.05,0.4845,0.2721,163.95,239.0,0.0446,0.0,0.9553,1386,1887,D,answered,D,235.05,103.35,131.7,89.2,145.85,93.925,9.28,110.0,0.56
173,D,235.05,1.0,0.9344,5.95,241.0,1.0,0.0,0.0,1420,1888,D,answered,D,235.05,103.35,131.7,89.2,145.85,93.925,9.28,110.0,0.56
174,A,234.82,1.0,0.9672,5.88,240.7,1.0,0.0,0.0,1313,1916,A,answered,A,234.82,97.54,137.28,84.93,149.89,93.925,9.28,110.0,0.56
174,B,97.54,0.6598,0.377,138.46,236.0,0.9006,0.0,0.0994,1350,1917,A,answered,A,234.82,97.54,137.28,84.93,149.89,93.925,9.28,110.0,0.56
174,C,72.32,0.4845,0.2885,165.68,238.0,0.3268,0.0001,0.6731,1386,1917,A,answered,A,234.82,97.54,137.28,84.93,149.89,93.925,9.28,110.0,0.56
174,D,106.73,0.7216,0.3541,126.97,233.7,0.9899,0.0,0.0101,1420,1917,A,answered,A,234.82,97.54,137.28,84.93,149.89,93.925,9.28,110.0,0.56
175,A,111.73,0.701,0.2918,128.97,240.7,0.0087,0.0001,0.9912,1313,1946,D,answered,D,235.12,102.79,132.33,84.415,150.705,93.925,9.28,110.0,0.56
175,B,102.79,0.6082,0.3541,135.91,238.7,0.9715,0.0,0.0285,1350,1946,D,answered,D,235.12,102.79,132.33,84.415,150.705,93.925,9.28,110.0,0.56
175,C,66.04,0.4021,0.2754,173.66,239.7,0.4797,0.0,0.5203,1386,1946,D,answered,D,235.12,102.79,132.33,84.415,150.705,93.925,9.28,110.0,0.56
175,D,235.12,1.0,0.9738,5.88,241.0,1.0,0.0,0.0,1420,1946,D,answered,D,235.12,102.79,132.33,84.415,150.705,93.925,9.28,110.0,0.56
176,A,92.21,0.5773,0.3115,144.49,236.7,0.0116,0.0002,0.9883,1313,1972,D,answered,D,235.12,105.4,129.72,83.08,152.04,93.925,9.28,110.0,0.56
176,B,105.4,0.701,0.4,130.6,236.0,0.0964,0.0,0.9036,1350,1974,D,answered,D,235.12,105.4,129.72,83.08,152.04,93.925,9.28,110.0,0.56
176,C,73.95,0.4948,0.3115,163.05,237.0,0.1318,0.0,0.8682,1386,1974,D,answered,D,235.12,105.4,129.72,83.08,152.04,93.925,9.28,110.0,0.56
176,D,235.12,1.0,0.9475,5.88,241.0,1.0,0.0,0.0,1420,1974,D,answered,D,235.12,105.4,129.72,83.08,152.04,93.925,9.28,110.0,0.56
177,A,106.17,0.6495,0.2787,134.53,240.7,0.0311,0.0008,0.9681,1313,2003,D,answered,D,231.9,100.05,131.85,82.96,148.94,93.925,9.28,110.0,0.56
177,B,100.05,0.5979,0.3574,137.65,237.7,0.9852,0.0,0.0148,1350,2003,D,answered,D,231.9,100.05,131.85,82.96,148.94,93.925,9.28,110.0,0.56
177,C,65.87,0.4124,0.2984,171.13,237.0,0.0937,0.0,0.9063,1386,2003,D,answered,D,231.9,100.05,131.85,82.96,148.94,93.925,9.28,110.0,0.56
177,D,231.9,1.0,0.9049,6.1,238.0,1.0,0.0,0.0,1420,2004,D,answered,D,231.9,100.05,131.85,82.96,148.94,93.925,9.28,110.0,0.56
178,A,109.67,0.6907,0.2852,131.03,240.7,0.021,0.0004,0.9785,1313,2032,C,answered,C,204.8,103.25,101.55,101.84,102.96,93.925,9.28,110.0,0.56
178,B,103.25,0.6598,0.3639,129.85,233.1,0.9773,0.0,0.0227,1350,2032,C,answered,C,204.8,103.25,101.55,101.84,102.96,93.925,9.28,110.0,0.56
178,C,204.8,0.8763,0.8164,47.2,252.0,1.0,0.0,0.0,1380,2032,C,answered,C,204.8,103.25,101.55,101.84,102.96,93.925,9.28,110.0,0.56
178,D,100.43,0.701,0.341,132.27,232.7,0.9789,0.0,0.0211,1420,2032,C,answered,C,204.8,103.25,101.55,101.84,102.96,93.925,9.28,110.0,0.56
179,A,239.12,1.0,0.9803,5.88,245.0,1.0,0.0,0.0,1313,2060,A,answered,A,239.12,107.57,131.55,93.205,145.915,93.925,9.28,110.0,0.56
179,B,107.57,0.701,0.3803,132.43,240.0,0.6744,0.0,0.3255,1350,2060,A,answered,A,239.12,107.57,131.55,93.205,145.915,93.925,9.28,110.0,0.56
179,C,79.61,0.5052,0.2984,157.79,237.4,0.0072,0.0,0.9928,1386,2060,A,answered,A,239.12,107.57,131.55,93.205,145.915,93.925,9.28,110.0,0.56
179,D,106.8,0.6495,0.3246,128.2,235.0,0.8568,0.0001,0.1431,1420,2060,A,answered,A,239.12,107.57,131.55,93.205,145.915,93.925,9.28,110.0,0.56
180,A,103.67,0.6392,0.2656,137.33,241.0,0.0017,0.0003,0.9979,1313,2089,B,answered,B,239.94,97.95,141.99,84.635,155.305,93.925,9.28,110.0,0.56
180,B,239.94,1.0,0.8918,6.06,246.0,1.0,0.0,0.0,1350,2090,B,answered,B,239.94,97.95,141.99,84.635,155.305,93.925,9.28,110.0,0.56
180,C,71.32,0.4536,0.2885,166.68,238.0,0.4106,0.0,0.5893,1386,2089,B,answered,B,239.94,97.95,141.99,84.635,155.305,93.925,9.28,110.0,0.56
180,D,97.95,0.5979,0.2918,138.05,236.0,0.9931,0.0,0.0069,1420,2089,B,answered,B,239.94,97.95,141.99,84.635,155.305,93.925,9.28,110.0,0.56
