question,column,row_in_column,option,x_472,y_472,x_480,y_480,dx_480_minus_472,dy_480_minus_472,distance_px,answer_472,status_472,answer_480,status_480,decision_changed
1,1,1,A,226.0,827.0,219.0,825.0,-7.0,-2.0,7.280109889280518,A,answered,A,answered,False
1,1,1,B,262.0,826.0,257.0,824.0,-5.0,-2.0,5.385164807134504,A,answered,A,answered,False
1,1,1,C,296.0,826.0,290.0,824.0,-6.0,-2.0,6.324555320336759,A,answered,A,answered,False
1,1,1,D,332.0,826.0,326.0,824.0,-6.0,-2.0,6.324555320336759,A,answered,A,answered,False
2,1,2,A,227.0,855.0,222.0,854.0,-5.0,-1.0,5.0990195135927845,A,answered,A,answered,False
2,1,2,B,262.0,856.0,257.0,854.0,-5.0,-2.0,5.385164807134504,A,answered,A,answered,False
2,1,2,C,297.0,856.0,291.0,854.0,-6.0,-2.0,6.324555320336759,A,answered,A,answered,False
2,1,2,D,332.0,856.0,326.0,854.0,-6.0,-2.0,6.324555320336759,A,answered,A,answered,False
3,1,3,A,227.0,883.0,224.0,882.0,-3.0,-1.0,3.1622776601683795,A,answered,A,answered,False
3,1,3,B,264.0,883.0,257.0,882.0,-7.0,-1.0,7.0710678118654755,A,answered,A,answered,False
3,1,3,C,297.0,882.0,291.0,882.0,-6.0,0.0,6.0,A,answered,A,answered,False
3,1,3,D,333.0,882.0,326.0,882.0,-7.0,0.0,7.0,A,answered,A,answered,False
4,1,4,A,228.0,912.0,222.0,911.0,-6.0,-1.0,6.082762530298219,B,answered,B,answered,False
4,1,4,B,264.0,912.0,258.0,912.0,-6.0,0.0,6.0,B,answered,B,answered,False
4,1,4,C,298.0,911.0,291.0,912.0,-7.0,1.0,7.0710678118654755,B,answered,B,answered,False
4,1,4,D,334.0,912.0,326.0,912.0,-8.0,0.0,8.0,B,answered,B,answered,False
5,1,5,A,228.0,943.0,224.0,940.0,-4.0,-3.0,5.0,A,answered,A,answered,False
5,1,5,B,266.0,942.0,258.0,940.0,-8.0,-2.0,8.246211251235321,A,answered,A,answered,False
5,1,5,C,298.0,942.0,292.0,941.0,-6.0,-1.0,6.082762530298219,A,answered,A,answered,False
5,1,5,D,334.0,942.0,327.0,941.0,-7.0,-1.0,7.0710678118654755,A,answered,A,answered,False
6,1,6,A,229.0,968.0,224.0,969.0,-5.0,1.0,5.0990195135927845,A,answered,A,answered,False
6,1,6,B,265.0,968.0,258.0,968.0,-7.0,0.0,7.0,A,answered,A,answered,False
6,1,6,C,299.0,968.0,292.0,968.0,-7.0,0.0,7.0,A,answered,A,answered,False
6,1,6,D,334.0,968.0,328.0,968.0,-6.0,0.0,6.0,A,answered,A,answered,False
7,1,7,A,230.0,998.0,223.0,998.0,-7.0,0.0,7.0,A,answered,A,answered,False
7,1,7,B,266.0,997.0,258.0,998.0,-8.0,1.0,8.06225774829855,A,answered,A,answered,False
7,1,7,C,300.0,996.0,292.0,998.0,-8.0,2.0,8.246211251235321,A,answered,A,answered,False
7,1,7,D,334.0,997.0,328.0,998.0,-6.0,1.0,6.082762530298219,A,answered,A,answered,False
8,1,8,A,229.0,1026.0,223.0,1028.0,-6.0,2.0,6.324555320336759,C,answered,C,answered,False
8,1,8,B,266.0,1026.0,258.0,1028.0,-8.0,2.0,8.246211251235321,C,answered,C,answered,False
8,1,8,C,300.0,1026.0,294.0,1028.0,-6.0,2.0,6.324555320336759,C,answered,C,answered,False
8,1,8,D,336.0,1026.0,328.0,1027.0,-8.0,1.0,8.06225774829855,C,answered,C,answered,False
9,1,9,A,230.0,1054.0,224.0,1056.0,-6.0,2.0,6.324555320336759,A,answered,A,answered,False
9,1,9,B,266.0,1054.0,259.0,1055.0,-7.0,1.0,7.0710678118654755,A,answered,A,answered,False
9,1,9,C,300.0,1052.0,293.0,1055.0,-7.0,3.0,7.615773105863909,A,answered,A,answered,False
9,1,9,D,336.0,1052.0,328.0,1055.0,-8.0,3.0,8.54400374531753,A,answered,A,answered,False
10,1,10,A,231.0,1083.0,224.0,1084.0,-7.0,1.0,7.0710678118654755,B,answered,B,answered,False
10,1,10,B,267.0,1082.0,260.0,1085.0,-7.0,3.0,7.615773105863909,B,answered,B,answered,False
10,1,10,C,301.0,1082.0,293.0,1084.0,-8.0,2.0,8.246211251235321,B,answered,B,answered,False
10,1,10,D,336.0,1082.0,328.0,1084.0,-8.0,2.0,8.246211251235321,B,answered,B,answered,False
11,1,11,A,231.0,1112.0,224.0,1114.0,-7.0,2.0,7.280109889280518,A,answered,A,answered,False
11,1,11,B,269.0,1111.0,259.0,1114.0,-10.0,3.0,10.44030650891055,A,answered,A,answered,False
11,1,11,C,302.0,1112.0,293.0,1114.0,-9.0,2.0,9.219544457292887,A,answered,A,answered,False
11,1,11,D,337.0,1112.0,328.0,1114.0,-9.0,2.0,9.219544457292887,A,answered,A,answered,False
12,1,12,A,231.0,1138.0,224.0,1141.0,-7.0,3.0,7.615773105863909,D,answered,D,answered,False
12,1,12,B,268.0,1138.0,259.0,1142.0,-9.0,4.0,9.848857801796104,D,answered,D,answered,False
12,1,12,C,302.0,1137.0,293.0,1142.0,-9.0,5.0,10.295630140987,D,answered,D,answered,False
12,1,12,D,336.0,1137.0,328.0,1142.0,-8.0,5.0,9.433981132056603,D,answered,D,answered,False
13,1,13,A,231.0,1167.0,224.0,1170.0,-7.0,3.0,7.615773105863909,A,answered,A,answered,False
13,1,13,B,268.0,1166.0,259.0,1171.0,-9.0,5.0,10.295630140987,A,answered,A,answered,False
13,1,13,C,302.0,1166.0,293.0,1171.0,-9.0,5.0,10.295630140987,A,answered,A,answered,False
13,1,13,D,336.0,1166.0,330.0,1170.0,-6.0,4.0,7.211102550927978,A,answered,A,answered,False
14,1,14,A,232.0,1196.0,224.0,1200.0,-8.0,4.0,8.94427190999916,MULTIPLE,multiple,MULTIPLE,multiple,False
14,1,14,B,270.0,1195.0,261.0,1200.0,-9.0,5.0,10.295630140987,MULTIPLE,multiple,MULTIPLE,multiple,False
14,1,14,C,302.0,1196.0,294.0,1200.0,-8.0,4.0,8.94427190999916,MULTIPLE,multiple,MULTIPLE,multiple,False
14,1,14,D,337.0,1194.0,330.0,1200.0,-7.0,6.0,9.219544457292887,MULTIPLE,multiple,MULTIPLE,multiple,False
15,1,15,A,232.0,1223.0,224.0,1227.0,-8.0,4.0,8.94427190999916,A,answered,A,answered,False
15,1,15,B,270.0,1223.0,259.0,1228.0,-11.0,5.0,12.083045973594572,A,answered,A,answered,False
15,1,15,C,303.0,1222.0,294.0,1227.0,-9.0,5.0,10.295630140987,A,answered,A,answered,False
15,1,15,D,338.0,1222.0,329.0,1228.0,-9.0,6.0,10.816653826391969,A,answered,A,answered,False
16,1,16,A,232.0,1251.0,224.0,1257.0,-8.0,6.0,10.0,A,answered,A,answered,False
16,1,16,B,268.0,1251.0,260.0,1257.0,-8.0,6.0,10.0,A,answered,A,answered,False
16,1,16,C,303.0,1251.0,294.0,1256.0,-9.0,5.0,10.295630140987,A,answered,A,answered,False
16,1,16,D,338.0,1250.0,330.0,1256.0,-8.0,6.0,10.0,A,answered,A,answered,False
17,1,17,A,232.0,1280.0,224.0,1286.0,-8.0,6.0,10.0,,blank,,ambiguous,True
17,1,17,B,271.0,1280.0,260.0,1286.0,-11.0,6.0,12.529964086141668,,blank,,ambiguous,True
17,1,17,C,302.0,1280.0,294.0,1286.0,-8.0,6.0,10.0,,blank,,ambiguous,True
17,1,17,D,338.0,1279.0,329.0,1286.0,-9.0,7.0,11.40175425099138,,blank,,ambiguous,True
18,1,18,A,232.0,1307.0,224.0,1314.0,-8.0,7.0,10.63014581273465,B,answered,B,answered,False
18,1,18,B,271.0,1306.0,261.0,1314.0,-10.0,8.0,12.806248474865697,B,answered,B,answered,False
18,1,18,C,303.0,1306.0,293.0,1313.0,-10.0,7.0,12.206555615733702,B,answered,B,answered,False
18,1,18,D,338.0,1306.0,329.0,1313.0,-9.0,7.0,11.40175425099138,B,answered,B,answered,False
19,1,19,A,232.0,1335.0,224.0,1342.0,-8.0,7.0,10.63014581273465,A,answered,A,answered,False
19,1,19,B,269.0,1334.0,260.0,1342.0,-9.0,8.0,12.041594578792296,A,answered,A,answered,False
19,1,19,C,302.0,1334.0,294.0,1342.0,-8.0,8.0,11.313708498984761,A,answered,A,answered,False
19,1,19,D,338.0,1334.0,330.0,1342.0,-8.0,8.0,11.313708498984761,A,answered,A,answered,False
20,1,20,A,232.0,1363.0,224.0,1371.0,-8.0,8.0,11.313708498984761,A,answered,A,answered,False
20,1,20,B,269.0,1363.0,260.0,1370.0,-9.0,7.0,11.40175425099138,A,answered,A,answered,False
20,1,20,C,302.0,1362.0,294.0,1370.0,-8.0,8.0,11.313708498984761,A,answered,A,answered,False
20,1,20,D,338.0,1361.0,329.0,1370.0,-9.0,9.0,12.727922061357855,A,answered,A,answered,False
21,1,21,A,232.0,1391.0,224.0,1400.0,-8.0,9.0,12.041594578792296,A,answered,A,answered,False
21,1,21,B,270.0,1391.0,260.0,1400.0,-10.0,9.0,13.45362404707371,A,answered,A,answered,False
21,1,21,C,303.0,1390.0,294.0,1399.0,-9.0,9.0,12.727922061357855,A,answered,A,answered,False
21,1,21,D,338.0,1389.0,329.0,1399.0,-9.0,10.0,13.45362404707371,A,answered,A,answered,False
22,1,22,A,232.0,1419.0,224.0,1428.0,-8.0,9.0,12.041594578792296,B,answered,B,answered,False
22,1,22,B,270.0,1420.0,260.0,1428.0,-10.0,8.0,12.806248474865697,B,answered,B,answered,False
22,1,22,C,303.0,1419.0,294.0,1428.0,-9.0,9.0,12.727922061357855,B,answered,B,answered,False
22,1,22,D,338.0,1418.0,328.0,1428.0,-10.0,10.0,14.142135623730951,B,answered,B,answered,False
23,1,23,A,232.0,1448.0,224.0,1456.0,-8.0,8.0,11.313708498984761,A,answered,A,answered,False
23,1,23,B,270.0,1448.0,259.0,1456.0,-11.0,8.0,13.601470508735444,A,answered,A,answered,False
23,1,23,C,303.0,1446.0,293.0,1456.0,-10.0,10.0,14.142135623730951,A,answered,A,answered,False
23,1,23,D,338.0,1446.0,328.0,1456.0,-10.0,10.0,14.142135623730951,A,answered,A,answered,False
24,1,24,A,232.0,1475.0,224.0,1485.0,-8.0,10.0,12.806248474865697,C,answered,C,answered,False
24,1,24,B,270.0,1475.0,259.0,1485.0,-11.0,10.0,14.866068747318506,C,answered,C,answered,False
24,1,24,C,303.0,1474.0,294.0,1484.0,-9.0,10.0,13.45362404707371,C,answered,C,answered,False
24,1,24,D,338.0,1473.0,328.0,1485.0,-10.0,12.0,15.620499351813308,C,answered,C,answered,False
25,1,25,A,232.0,1504.0,224.0,1514.0,-8.0,10.0,12.806248474865697,A,answered,A,answered,False
25,1,25,B,270.0,1504.0,259.0,1514.0,-11.0,10.0,14.866068747318506,A,answered,A,answered,False
25,1,25,C,303.0,1504.0,293.0,1514.0,-10.0,10.0,14.142135623730951,A,answered,A,answered,False
25,1,25,D,338.0,1502.0,328.0,1514.0,-10.0,12.0,15.620499351813308,A,answered,A,answered,False
26,1,26,A,232.0,1532.0,224.0,1543.0,-8.0,11.0,13.601470508735444,A,answered,A,answered,False
26,1,26,B,270.0,1531.0,258.0,1542.0,-12.0,11.0,16.278820596099706,A,answered,A,answered,False
26,1,26,C,303.0,1531.0,293.0,1542.0,-10.0,11.0,14.866068747318506,A,answered,A,answered,False
26,1,26,D,337.0,1531.0,328.0,1542.0,-9.0,11.0,14.212670403551895,A,answered,A,answered,False
27,1,27,A,232.0,1559.0,223.0,1571.0,-9.0,12.0,15.0,,blank,,ambiguous,True
27,1,27,B,270.0,1559.0,258.0,1571.0,-12.0,12.0,16.97056274847714,,blank,,ambiguous,True
27,1,27,C,303.0,1559.0,292.0,1570.0,-11.0,11.0,15.556349186104045,,blank,,ambiguous,True
27,1,27,D,337.0,1559.0,328.0,1570.0,-9.0,11.0,14.212670403551895,,blank,,ambiguous,True
28,1,28,A,232.0,1589.0,222.0,1600.0,-10.0,11.0,14.866068747318506,B,answered,B,answered,False
28,1,28,B,271.0,1589.0,260.0,1600.0,-11.0,11.0,15.556349186104045,B,answered,B,answered,False
28,1,28,C,304.0,1589.0,292.0,1600.0,-12.0,11.0,16.278820596099706,B,answered,B,answered,False
28,1,28,D,337.0,1589.0,328.0,1600.0,-9.0,11.0,14.212670403551895,B,answered,B,answered,False
29,1,29,A,232.0,1617.0,224.0,1628.0,-8.0,11.0,13.601470508735444,A,answered,A,answered,False
29,1,29,B,271.0,1617.0,258.0,1628.0,-13.0,11.0,17.029386365926403,A,answered,A,answered,False
29,1,29,C,304.0,1617.0,292.0,1628.0,-12.0,11.0,16.278820596099706,A,answered,A,answered,False
29,1,29,D,337.0,1617.0,328.0,1628.0,-9.0,11.0,14.212670403551895,A,answered,A,answered,False
30,1,30,A,232.0,1647.0,223.0,1658.0,-9.0,11.0,14.212670403551895,A,answered,A,answered,False
30,1,30,B,270.0,1647.0,258.0,1657.0,-12.0,10.0,15.620499351813308,A,answered,A,answered,False
30,1,30,C,303.0,1647.0,292.0,1657.0,-11.0,10.0,14.866068747318506,A,answered,A,answered,False
30,1,30,D,337.0,1647.0,328.0,1656.0,-9.0,9.0,12.727922061357855,A,answered,A,answered,False
31,1,31,A,232.0,1678.0,221.0,1687.0,-11.0,9.0,14.212670403551895,A,answered,A,answered,False
31,1,31,B,270.0,1678.0,258.0,1686.0,-12.0,8.0,14.422205101855956,A,answered,A,answered,False
31,1,31,C,303.0,1678.0,292.0,1686.0,-11.0,8.0,13.601470508735444,A,answered,A,answered,False
31,1,31,D,337.0,1678.0,328.0,1686.0,-9.0,8.0,12.041594578792296,A,answered,A,answered,False
32,1,32,A,232.0,1707.0,222.0,1715.0,-10.0,8.0,12.806248474865697,B,answered,B,answered,False
32,1,32,B,270.0,1707.0,258.0,1715.0,-12.0,8.0,14.422205101855956,B,answered,B,answered,False
32,1,32,C,303.0,1707.0,292.0,1715.0,-11.0,8.0,13.601470508735444,B,answered,B,answered,False
32,1,32,D,338.0,1707.0,327.0,1714.0,-11.0,7.0,13.038404810405298,B,answered,B,answered,False
33,1,33,A,232.0,1747.0,221.0,1744.0,-11.0,-3.0,11.40175425099138,C,answered,A,answered,True
33,1,33,B,268.0,1747.0,257.0,1744.0,-11.0,-3.0,11.40175425099138,C,answered,A,answered,True
33,1,33,C,304.0,1747.0,291.0,1743.0,-13.0,-4.0,13.601470508735444,C,answered,A,answered,True
33,1,33,D,338.0,1747.0,326.0,1743.0,-12.0,-4.0,12.649110640673518,C,answered,A,answered,True
34,1,34,A,232.0,1784.0,221.0,1773.0,-11.0,-11.0,15.556349186104045,A,answered,MULTIPLE,multiple,True
34,1,34,B,268.0,1784.0,256.0,1772.0,-12.0,-12.0,16.97056274847714,A,answered,MULTIPLE,multiple,True
34,1,34,C,302.0,1784.0,291.0,1773.0,-11.0,-11.0,15.556349186104045,A,answered,MULTIPLE,multiple,True
34,1,34,D,338.0,1783.0,326.0,1772.0,-12.0,-11.0,16.278820596099706,A,answered,MULTIPLE,multiple,True
35,1,35,A,232.0,1812.0,220.0,1800.0,-12.0,-12.0,16.97056274847714,B,answered,A,answered,True
35,1,35,B,268.0,1814.0,256.0,1800.0,-12.0,-14.0,18.439088914585774,B,answered,A,answered,True
35,1,35,C,302.0,1812.0,290.0,1800.0,-12.0,-12.0,16.97056274847714,B,answered,A,answered,True
35,1,35,D,338.0,1812.0,326.0,1800.0,-12.0,-12.0,16.97056274847714,B,answered,A,answered,True
36,1,36,A,232.0,1842.0,220.0,1830.0,-12.0,-12.0,16.97056274847714,A,answered,B,answered,True
36,1,36,B,268.0,1842.0,256.0,1830.0,-12.0,-12.0,16.97056274847714,A,answered,B,answered,True
36,1,36,C,302.0,1842.0,290.0,1830.0,-12.0,-12.0,16.97056274847714,A,answered,B,answered,True
36,1,36,D,337.0,1841.0,326.0,1830.0,-11.0,-11.0,15.556349186104045,A,answered,B,answered,True
37,1,37,A,232.0,1868.0,220.0,1859.0,-12.0,-9.0,15.0,A,answered,A,answered,False
37,1,37,B,268.0,1869.0,255.0,1859.0,-13.0,-10.0,16.401219466856727,A,answered,A,answered,False
37,1,37,C,302.0,1868.0,289.0,1859.0,-13.0,-9.0,15.811388300841896,A,answered,A,answered,False
37,1,37,D,337.0,1868.0,326.0,1859.0,-11.0,-9.0,14.212670403551895,A,answered,A,answered,False
38,1,38,A,232.0,1897.0,222.0,1887.0,-10.0,-10.0,14.142135623730951,A,answered,A,answered,False
38,1,38,B,268.0,1898.0,256.0,1886.0,-12.0,-12.0,16.97056274847714,A,answered,A,answered,False
38,1,38,C,302.0,1897.0,290.0,1887.0,-12.0,-10.0,15.620499351813308,A,answered,A,answered,False
38,1,38,D,336.0,1897.0,324.0,1886.0,-12.0,-11.0,16.278820596099706,A,answered,A,answered,False
39,1,39,A,232.0,1926.0,222.0,1916.0,-10.0,-10.0,14.142135623730951,A,answered,A,answered,False
39,1,39,B,268.0,1927.0,256.0,1916.0,-12.0,-11.0,16.278820596099706,A,answered,A,answered,False
39,1,39,C,302.0,1926.0,289.0,1916.0,-13.0,-10.0,16.401219466856727,A,answered,A,answered,False
39,1,39,D,336.0,1926.0,325.0,1916.0,-11.0,-10.0,14.866068747318506,A,answered,A,answered,False
40,1,40,A,232.0,1954.0,222.0,1946.0,-10.0,-8.0,12.806248474865697,A,answered,A,answered,False
40,1,40,B,268.0,1954.0,256.0,1946.0,-12.0,-8.0,14.422205101855956,A,answered,A,answered,False
40,1,40,C,302.0,1954.0,290.0,1946.0,-12.0,-8.0,14.422205101855956,A,answered,A,answered,False
40,1,40,D,337.0,1954.0,326.0,1946.0,-11.0,-8.0,13.601470508735444,A,answered,A,answered,False
41,1,41,A,232.0,1980.0,222.0,1974.0,-10.0,-6.0,11.661903789690601,A,answered,A,answered,False
41,1,41,B,268.0,1980.0,256.0,1974.0,-12.0,-6.0,13.416407864998739,A,answered,A,answered,False
41,1,41,C,302.0,1980.0,290.0,1974.0,-12.0,-6.0,13.416407864998739,A,answered,A,answered,False
41,1,41,D,339.0,1980.0,326.0,1974.0,-13.0,-6.0,14.317821063276353,A,answered,A,answered,False
42,1,42,A,232.0,2009.0,222.0,2003.0,-10.0,-6.0,11.661903789690601,B,answered,A,answered,True
42,1,42,B,271.0,2009.0,256.0,2004.0,-15.0,-5.0,15.811388300841896,B,answered,A,answered,True
42,1,42,C,301.0,2009.0,290.0,2003.0,-11.0,-6.0,12.529964086141668,B,answered,A,answered,True
42,1,42,D,336.0,2009.0,326.0,2002.0,-10.0,-7.0,12.206555615733702,B,answered,A,answered,True
43,1,43,A,232.0,2038.0,222.0,2032.0,-10.0,-6.0,11.661903789690601,A,answered,B,answered,True
43,1,43,B,267.0,2039.0,258.0,2033.0,-9.0,-6.0,10.816653826391969,A,answered,B,answered,True
43,1,43,C,302.0,2038.0,291.0,2032.0,-11.0,-6.0,12.529964086141668,A,answered,B,answered,True
43,1,43,D,336.0,2038.0,326.0,2032.0,-10.0,-6.0,11.661903789690601,A,answered,B,answered,True
44,1,44,A,232.0,2067.0,222.0,2060.0,-10.0,-7.0,12.206555615733702,A,answered,A,answered,False
44,1,44,B,268.0,2068.0,257.0,2060.0,-11.0,-8.0,13.601470508735444,A,answered,A,answered,False
44,1,44,C,302.0,2066.0,290.0,2060.0,-12.0,-6.0,13.416407864998739,A,answered,A,answered,False
44,1,44,D,336.0,2067.0,326.0,2060.0,-10.0,-7.0,12.206555615733702,A,answered,A,answered,False
45,1,45,A,232.0,2090.0,222.0,2090.0,-10.0,0.0,10.0,A,answered,A,answered,False
45,1,45,B,271.0,2090.0,257.0,2089.0,-14.0,-1.0,14.035668847618199,A,answered,A,answered,False
45,1,45,C,305.0,2090.0,291.0,2089.0,-14.0,-1.0,14.035668847618199,A,answered,A,answered,False
45,1,45,D,339.0,2090.0,326.0,2090.0,-13.0,0.0,13.0,A,answered,A,answered,False
46,2,1,A,591.0,824.0,586.0,824.0,-5.0,0.0,5.0,B,answered,B,answered,False
46,2,1,B,628.0,833.0,619.0,826.0,-9.0,-7.0,11.40175425099138,B,answered,B,answered,False
46,2,1,C,662.0,827.0,657.0,827.0,-5.0,0.0,5.0,B,answered,B,answered,False
46,2,1,D,696.0,826.0,692.0,826.0,-4.0,0.0,4.0,B,answered,B,answered,False
47,2,2,A,592.0,854.0,586.0,856.0,-6.0,2.0,6.324555320336759,C,answered,C,answered,False
47,2,2,B,628.0,863.0,622.0,856.0,-6.0,-7.0,9.219544457292887,C,answered,C,answered,False
47,2,2,C,664.0,863.0,656.0,856.0,-8.0,-7.0,10.63014581273465,C,answered,C,answered,False
47,2,2,D,698.0,856.0,692.0,856.0,-6.0,0.0,6.0,C,answered,C,answered,False
48,2,3,A,594.0,891.0,586.0,884.0,-8.0,-7.0,10.63014581273465,A,answered,A,answered,False
48,2,3,B,628.0,883.0,622.0,884.0,-6.0,1.0,6.082762530298219,A,answered,A,answered,False
48,2,3,C,664.0,882.0,658.0,884.0,-6.0,2.0,6.324555320336759,A,answered,A,answered,False
48,2,3,D,698.0,882.0,692.0,884.0,-6.0,2.0,6.324555320336759,A,answered,A,answered,False
49,2,4,A,592.0,912.0,586.0,913.0,-6.0,1.0,6.082762530298219,B,answered,B,answered,False
49,2,4,B,628.0,912.0,622.0,914.0,-6.0,2.0,6.324555320336759,B,answered,B,answered,False
49,2,4,C,664.0,912.0,658.0,914.0,-6.0,2.0,6.324555320336759,B,answered,B,answered,False
49,2,4,D,698.0,911.0,693.0,913.0,-5.0,2.0,5.385164807134504,B,answered,B,answered,False
50,2,5,A,593.0,940.0,587.0,942.0,-6.0,2.0,6.324555320336759,A,answered,A,answered,False
50,2,5,B,628.0,940.0,622.0,942.0,-6.0,2.0,6.324555320336759,A,answered,A,answered,False
50,2,5,C,664.0,941.0,658.0,943.0,-6.0,2.0,6.324555320336759,A,answered,A,answered,False
50,2,5,D,698.0,940.0,692.0,942.0,-6.0,2.0,6.324555320336759,A,answered,A,answered,False
51,2,6,A,592.0,968.0,586.0,970.0,-6.0,2.0,6.324555320336759,B,answered,B,answered,False
51,2,6,B,628.0,967.0,622.0,970.0,-6.0,3.0,6.708203932499369,B,answered,B,answered,False
51,2,6,C,664.0,966.0,658.0,970.0,-6.0,4.0,7.211102550927978,B,answered,B,answered,False
51,2,6,D,698.0,966.0,692.0,970.0,-6.0,4.0,7.211102550927978,B,answered,B,answered,False
52,2,7,A,593.0,996.0,586.0,1000.0,-7.0,4.0,8.06225774829855,A,answered,A,answered,False
52,2,7,B,629.0,996.0,622.0,1000.0,-7.0,4.0,8.06225774829855,A,answered,A,answered,False
52,2,7,C,664.0,996.0,658.0,1000.0,-6.0,4.0,7.211102550927978,A,answered,A,answered,False
52,2,7,D,698.0,995.0,693.0,1000.0,-5.0,5.0,7.0710678118654755,A,answered,A,answered,False
53,2,8,A,593.0,1025.0,586.0,1030.0,-7.0,5.0,8.602325267042627,A,answered,A,answered,False
53,2,8,B,629.0,1025.0,622.0,1029.0,-7.0,4.0,8.06225774829855,A,answered,A,answered,False
53,2,8,C,664.0,1024.0,658.0,1029.0,-6.0,5.0,7.810249675906654,A,answered,A,answered,False
53,2,8,D,698.0,1024.0,693.0,1030.0,-5.0,6.0,7.810249675906654,A,answered,A,answered,False
54,2,9,A,594.0,1052.0,587.0,1058.0,-7.0,6.0,9.219544457292887,A,answered,A,answered,False
54,2,9,B,629.0,1051.0,622.0,1057.0,-7.0,6.0,9.219544457292887,A,answered,A,answered,False
54,2,9,C,664.0,1051.0,658.0,1057.0,-6.0,6.0,8.48528137423857,A,answered,A,answered,False
54,2,9,D,698.0,1050.0,694.0,1057.0,-4.0,7.0,8.06225774829855,A,answered,A,answered,False
55,2,10,A,594.0,1080.0,588.0,1086.0,-6.0,6.0,8.48528137423857,A,answered,A,answered,False
55,2,10,B,629.0,1080.0,624.0,1086.0,-5.0,6.0,7.810249675906654,A,answered,A,answered,False
55,2,10,C,664.0,1080.0,658.0,1086.0,-6.0,6.0,8.48528137423857,A,answered,A,answered,False
55,2,10,D,698.0,1079.0,694.0,1086.0,-4.0,7.0,8.06225774829855,A,answered,A,answered,False
56,2,11,A,594.0,1109.0,587.0,1116.0,-7.0,7.0,9.899494936611665,A,answered,A,answered,False
56,2,11,B,629.0,1108.0,622.0,1115.0,-7.0,7.0,9.899494936611665,A,answered,A,answered,False
56,2,11,C,664.0,1108.0,658.0,1116.0,-6.0,8.0,10.0,A,answered,A,answered,False
56,2,11,D,698.0,1107.0,694.0,1116.0,-4.0,9.0,9.848857801796104,A,answered,A,answered,False
57,2,12,A,594.0,1136.0,588.0,1143.0,-6.0,7.0,9.219544457292887,A,answered,A,answered,False
57,2,12,B,630.0,1135.0,624.0,1143.0,-6.0,8.0,10.0,A,answered,A,answered,False
57,2,12,C,664.0,1134.0,659.0,1143.0,-5.0,9.0,10.295630140987,A,answered,A,answered,False
57,2,12,D,698.0,1134.0,694.0,1143.0,-4.0,9.0,9.848857801796104,A,answered,A,answered,False
58,2,13,A,594.0,1164.0,588.0,1173.0,-6.0,9.0,10.816653826391969,A,answered,A,answered,False
58,2,13,B,630.0,1163.0,624.0,1172.0,-6.0,9.0,10.816653826391969,A,answered,A,answered,False
58,2,13,C,664.0,1164.0,659.0,1172.0,-5.0,8.0,9.433981132056603,A,answered,A,answered,False
58,2,13,D,701.0,1164.0,694.0,1172.0,-7.0,8.0,10.63014581273465,A,answered,A,answered,False
59,2,14,A,595.0,1212.0,588.0,1201.0,-7.0,-11.0,13.038404810405298,A,answered,B,answered,True
59,2,14,B,629.0,1212.0,624.0,1202.0,-5.0,-10.0,11.180339887498949,A,answered,B,answered,True
59,2,14,C,665.0,1212.0,659.0,1201.0,-6.0,-11.0,12.529964086141668,A,answered,B,answered,True
59,2,14,D,701.0,1212.0,694.0,1201.0,-7.0,-11.0,13.038404810405298,A,answered,B,answered,True
60,2,15,A,595.0,1240.0,588.0,1228.0,-7.0,-12.0,13.892443989449804,A,answered,A,answered,False
60,2,15,B,629.0,1240.0,624.0,1228.0,-5.0,-12.0,13.0,A,answered,A,answered,False
60,2,15,C,665.0,1240.0,659.0,1229.0,-6.0,-11.0,12.529964086141668,A,answered,A,answered,False
60,2,15,D,701.0,1240.0,694.0,1228.0,-7.0,-12.0,13.892443989449804,A,answered,A,answered,False
61,2,16,A,595.0,1269.0,588.0,1258.0,-7.0,-11.0,13.038404810405298,A,answered,A,answered,False
61,2,16,B,629.0,1269.0,624.0,1257.0,-5.0,-12.0,13.0,A,answered,A,answered,False
61,2,16,C,665.0,1269.0,659.0,1257.0,-6.0,-12.0,13.416407864998739,A,answered,A,answered,False
61,2,16,D,701.0,1269.0,694.0,1258.0,-7.0,-11.0,13.038404810405298,A,answered,A,answered,False
62,2,17,A,595.0,1299.0,588.0,1287.0,-7.0,-12.0,13.892443989449804,A,answered,A,answered,False
62,2,17,B,629.0,1299.0,624.0,1286.0,-5.0,-13.0,13.92838827718412,A,answered,A,answered,False
62,2,17,C,665.0,1299.0,659.0,1286.0,-6.0,-13.0,14.317821063276353,A,answered,A,answered,False
62,2,17,D,701.0,1299.0,694.0,1286.0,-7.0,-13.0,14.7648230602334,A,answered,A,answered,False
63,2,18,A,595.0,1326.0,588.0,1314.0,-7.0,-12.0,13.892443989449804,A,answered,A,answered,False
63,2,18,B,629.0,1326.0,624.0,1314.0,-5.0,-12.0,13.0,A,answered,A,answered,False
63,2,18,C,665.0,1326.0,659.0,1314.0,-6.0,-12.0,13.416407864998739,A,answered,A,answered,False
63,2,18,D,701.0,1326.0,694.0,1314.0,-7.0,-12.0,13.892443989449804,A,answered,A,answered,False
64,2,19,A,595.0,1355.0,588.0,1343.0,-7.0,-12.0,13.892443989449804,A,answered,A,answered,False
64,2,19,B,629.0,1355.0,624.0,1343.0,-5.0,-12.0,13.0,A,answered,A,answered,False
64,2,19,C,665.0,1355.0,659.0,1342.0,-6.0,-13.0,14.317821063276353,A,answered,A,answered,False
64,2,19,D,701.0,1355.0,694.0,1342.0,-7.0,-13.0,14.7648230602334,A,answered,A,answered,False
65,2,20,A,596.0,1384.0,588.0,1371.0,-8.0,-13.0,15.264337522473747,B,answered,A,answered,True
65,2,20,B,630.0,1384.0,624.0,1370.0,-6.0,-14.0,15.231546211727817,B,answered,A,answered,True
65,2,20,C,665.0,1384.0,660.0,1370.0,-5.0,-14.0,14.866068747318506,B,answered,A,answered,True
65,2,20,D,700.0,1384.0,694.0,1370.0,-6.0,-14.0,15.231546211727817,B,answered,A,answered,True
66,2,21,A,596.0,1413.0,588.0,1399.0,-8.0,-14.0,16.1245154965971,C,answered,B,answered,True
66,2,21,B,630.0,1413.0,623.0,1399.0,-7.0,-14.0,15.652475842498529,C,answered,B,answered,True
66,2,21,C,665.0,1413.0,659.0,1399.0,-6.0,-14.0,15.231546211727817,C,answered,B,answered,True
66,2,21,D,700.0,1412.0,694.0,1399.0,-6.0,-13.0,14.317821063276353,C,answered,B,answered,True
67,2,22,A,595.0,1441.0,588.0,1428.0,-7.0,-13.0,14.7648230602334,A,answered,C,answered,True
67,2,22,B,631.0,1441.0,624.0,1428.0,-7.0,-13.0,14.7648230602334,A,answered,C,answered,True
67,2,22,C,666.0,1440.0,660.0,1428.0,-6.0,-12.0,13.416407864998739,A,answered,C,answered,True
67,2,22,D,700.0,1439.0,694.0,1428.0,-6.0,-11.0,12.529964086141668,A,answered,C,answered,True
68,2,23,A,594.0,1469.0,588.0,1456.0,-6.0,-13.0,14.317821063276353,A,answered,A,answered,False
68,2,23,B,631.0,1468.0,624.0,1456.0,-7.0,-12.0,13.892443989449804,A,answered,A,answered,False
68,2,23,C,666.0,1468.0,660.0,1456.0,-6.0,-12.0,13.416407864998739,A,answered,A,answered,False
68,2,23,D,700.0,1468.0,694.0,1456.0,-6.0,-12.0,13.416407864998739,A,answered,A,answered,False
69,2,24,A,596.0,1498.0,588.0,1484.0,-8.0,-14.0,16.1245154965971,A,answered,A,answered,False
69,2,24,B,631.0,1497.0,624.0,1484.0,-7.0,-13.0,14.7648230602334,A,answered,A,answered,False
69,2,24,C,666.0,1496.0,659.0,1484.0,-7.0,-12.0,13.892443989449804,A,answered,A,answered,False
69,2,24,D,700.0,1496.0,694.0,1484.0,-6.0,-12.0,13.416407864998739,A,answered,A,answered,False
70,2,25,A,595.0,1525.0,588.0,1514.0,-7.0,-11.0,13.038404810405298,A,answered,A,answered,False
70,2,25,B,631.0,1524.0,624.0,1513.0,-7.0,-11.0,13.038404810405298,A,answered,A,answered,False
70,2,25,C,666.0,1524.0,659.0,1514.0,-7.0,-10.0,12.206555615733702,A,answered,A,answered,False
70,2,25,D,700.0,1524.0,694.0,1513.0,-6.0,-11.0,12.529964086141668,A,answered,A,answered,False
71,2,26,A,596.0,1552.0,588.0,1542.0,-8.0,-10.0,12.806248474865697,A,answered,A,answered,False
71,2,26,B,631.0,1552.0,624.0,1541.0,-7.0,-11.0,13.038404810405298,A,answered,A,answered,False
71,2,26,C,666.0,1552.0,659.0,1541.0,-7.0,-11.0,13.038404810405298,A,answered,A,answered,False
71,2,26,D,700.0,1551.0,694.0,1541.0,-6.0,-10.0,11.661903789690601,A,answered,A,answered,False
72,2,27,A,595.0,1582.0,588.0,1570.0,-7.0,-12.0,13.892443989449804,A,answered,A,answered,False
72,2,27,B,631.0,1581.0,624.0,1570.0,-7.0,-11.0,13.038404810405298,A,answered,A,answered,False
72,2,27,C,666.0,1581.0,659.0,1570.0,-7.0,-11.0,13.038404810405298,A,answered,A,answered,False
72,2,27,D,700.0,1580.0,694.0,1570.0,-6.0,-10.0,11.661903789690601,A,answered,A,answered,False
73,2,28,A,595.0,1610.0,588.0,1599.0,-7.0,-11.0,13.038404810405298,A,answered,A,answered,False
73,2,28,B,631.0,1609.0,624.0,1599.0,-7.0,-10.0,12.206555615733702,A,answered,A,answered,False
73,2,28,C,666.0,1608.0,659.0,1598.0,-7.0,-10.0,12.206555615733702,A,answered,A,answered,False
73,2,28,D,700.0,1607.0,694.0,1598.0,-6.0,-9.0,10.816653826391969,A,answered,A,answered,False
74,2,29,A,594.0,1637.0,587.0,1627.0,-7.0,-10.0,12.206555615733702,A,answered,A,answered,False
74,2,29,B,631.0,1636.0,624.0,1627.0,-7.0,-9.0,11.40175425099138,A,answered,A,answered,False
74,2,29,C,666.0,1636.0,659.0,1627.0,-7.0,-9.0,11.40175425099138,A,answered,A,answered,False
74,2,29,D,700.0,1635.0,693.0,1627.0,-7.0,-8.0,10.63014581273465,A,answered,A,answered,False
75,2,30,A,594.0,1666.0,587.0,1656.0,-7.0,-10.0,12.206555615733702,B,answered,A,answered,True
75,2,30,B,630.0,1666.0,623.0,1656.0,-7.0,-10.0,12.206555615733702,B,answered,A,answered,True
75,2,30,C,666.0,1664.0,658.0,1655.0,-8.0,-9.0,12.041594578792296,B,answered,A,answered,True
75,2,30,D,700.0,1664.0,694.0,1655.0,-6.0,-9.0,10.816653826391969,B,answered,A,answered,True
76,2,31,A,594.0,1694.0,586.0,1685.0,-8.0,-9.0,12.041594578792296,C,answered,B,answered,True
76,2,31,B,631.0,1693.0,624.0,1684.0,-7.0,-9.0,11.40175425099138,C,answered,B,answered,True
76,2,31,C,666.0,1692.0,658.0,1685.0,-8.0,-7.0,10.63014581273465,C,answered,B,answered,True
76,2,31,D,700.0,1692.0,694.0,1684.0,-6.0,-8.0,10.0,C,answered,B,answered,True
77,2,32,A,594.0,1722.0,586.0,1713.0,-8.0,-9.0,12.041594578792296,A,answered,C,answered,True
77,2,32,B,631.0,1720.0,622.0,1714.0,-9.0,-6.0,10.816653826391969,A,answered,C,answered,True
77,2,32,C,666.0,1720.0,658.0,1714.0,-8.0,-6.0,10.0,A,answered,C,answered,True
77,2,32,D,700.0,1720.0,694.0,1713.0,-6.0,-7.0,9.219544457292887,A,answered,C,answered,True
78,2,33,A,596.0,1750.0,586.0,1742.0,-10.0,-8.0,12.806248474865697,A,answered,A,answered,False
78,2,33,B,630.0,1752.0,622.0,1742.0,-8.0,-10.0,12.806248474865697,A,answered,A,answered,False
78,2,33,C,666.0,1749.0,658.0,1742.0,-8.0,-7.0,10.63014581273465,A,answered,A,answered,False
78,2,33,D,700.0,1748.0,692.0,1742.0,-8.0,-6.0,10.0,A,answered,A,answered,False
79,2,34,A,594.0,1777.0,587.0,1771.0,-7.0,-6.0,9.219544457292887,A,answered,A,answered,False
79,2,34,B,630.0,1776.0,622.0,1772.0,-8.0,-4.0,8.94427190999916,A,answered,A,answered,False
79,2,34,C,666.0,1776.0,658.0,1772.0,-8.0,-4.0,8.94427190999916,A,answered,A,answered,False
79,2,34,D,700.0,1775.0,693.0,1770.0,-7.0,-5.0,8.602325267042627,A,answered,A,answered,False
80,2,35,A,596.0,1806.0,586.0,1799.0,-10.0,-7.0,12.206555615733702,A,answered,A,answered,False
80,2,35,B,630.0,1805.0,622.0,1799.0,-8.0,-6.0,10.0,A,answered,A,answered,False
80,2,35,C,666.0,1804.0,658.0,1799.0,-8.0,-5.0,9.433981132056603,A,answered,A,answered,False
80,2,35,D,700.0,1804.0,693.0,1798.0,-7.0,-6.0,9.219544457292887,A,answered,A,answered,False
81,2,36,A,594.0,1834.0,587.0,1828.0,-7.0,-6.0,9.219544457292887,A,answered,A,answered,False
81,2,36,B,630.0,1834.0,622.0,1828.0,-8.0,-6.0,10.0,A,answered,A,answered,False
81,2,36,C,666.0,1834.0,658.0,1828.0,-8.0,-6.0,10.0,A,answered,A,answered,False
81,2,36,D,700.0,1832.0,692.0,1828.0,-8.0,-4.0,8.94427190999916,A,answered,A,answered,False
82,2,37,A,594.0,1862.0,585.0,1858.0,-9.0,-4.0,9.848857801796104,A,answered,A,answered,False
82,2,37,B,630.0,1861.0,622.0,1858.0,-8.0,-3.0,8.54400374531753,A,answered,A,answered,False
82,2,37,C,666.0,1860.0,658.0,1858.0,-8.0,-2.0,8.246211251235321,A,answered,A,answered,False
82,2,37,D,700.0,1860.0,693.0,1858.0,-7.0,-2.0,7.280109889280518,A,answered,A,answered,False
83,2,38,A,594.0,1890.0,586.0,1886.0,-8.0,-4.0,8.94427190999916,MULTIPLE,multiple,A,answered,True
83,2,38,B,631.0,1890.0,622.0,1886.0,-9.0,-4.0,9.848857801796104,MULTIPLE,multiple,A,answered,True
83,2,38,C,666.0,1888.0,658.0,1886.0,-8.0,-2.0,8.246211251235321,MULTIPLE,multiple,A,answered,True
83,2,38,D,700.0,1888.0,692.0,1886.0,-8.0,-2.0,8.246211251235321,MULTIPLE,multiple,A,answered,True
84,2,39,A,594.0,1918.0,584.0,1915.0,-10.0,-3.0,10.44030650891055,A,answered,MULTIPLE,multiple,True
84,2,39,B,630.0,1918.0,622.0,1916.0,-8.0,-2.0,8.246211251235321,A,answered,MULTIPLE,multiple,True
84,2,39,C,666.0,1918.0,657.0,1916.0,-9.0,-2.0,9.219544457292887,A,answered,MULTIPLE,multiple,True
84,2,39,D,700.0,1916.0,692.0,1916.0,-8.0,0.0,8.0,A,answered,MULTIPLE,multiple,True
85,2,40,A,594.0,1946.0,585.0,1944.0,-9.0,-2.0,9.219544457292887,A,answered,A,answered,False
85,2,40,B,630.0,1945.0,622.0,1944.0,-8.0,-1.0,8.06225774829855,A,answered,A,answered,False
85,2,40,C,666.0,1944.0,658.0,1944.0,-8.0,0.0,8.0,A,answered,A,answered,False
85,2,40,D,700.0,1944.0,692.0,1944.0,-8.0,0.0,8.0,A,answered,A,answered,False
86,2,41,A,594.0,1974.0,584.0,1973.0,-10.0,-1.0,10.04987562112089,A,answered,A,answered,False
86,2,41,B,630.0,1974.0,621.0,1974.0,-9.0,0.0,9.0,A,answered,A,answered,False
86,2,41,C,666.0,1973.0,657.0,1973.0,-9.0,0.0,9.0,A,answered,A,answered,False
86,2,41,D,700.0,1972.0,692.0,1974.0,-8.0,2.0,8.246211251235321,A,answered,A,answered,False
87,2,42,A,594.0,2004.0,585.0,2003.0,-9.0,-1.0,9.055385138137417,A,answered,A,answered,False
87,2,42,B,630.0,2003.0,622.0,2002.0,-8.0,-1.0,8.06225774829855,A,answered,A,answered,False
87,2,42,C,666.0,2002.0,657.0,2002.0,-9.0,0.0,9.0,A,answered,A,answered,False
87,2,42,D,700.0,2002.0,692.0,2002.0,-8.0,0.0,8.0,A,answered,A,answered,False
88,2,43,A,594.0,2031.0,584.0,2032.0,-10.0,1.0,10.04987562112089,A,answered,A,answered,False
88,2,43,B,630.0,2030.0,621.0,2032.0,-9.0,2.0,9.219544457292887,A,answered,A,answered,False
88,2,43,C,666.0,2030.0,657.0,2032.0,-9.0,2.0,9.219544457292887,A,answered,A,answered,False
88,2,43,D,700.0,2028.0,692.0,2032.0,-8.0,4.0,8.94427190999916,A,answered,A,answered,False
89,2,44,A,594.0,2060.0,584.0,2060.0,-10.0,0.0,10.0,A,answered,A,answered,False
89,2,44,B,630.0,2059.0,620.0,2060.0,-10.0,1.0,10.04987562112089,A,answered,A,answered,False
89,2,44,C,666.0,2058.0,657.0,2060.0,-9.0,2.0,9.219544457292887,A,answered,A,answered,False
89,2,44,D,700.0,2057.0,692.0,2060.0,-8.0,3.0,8.54400374531753,A,answered,A,answered,False
90,2,45,A,595.0,2087.0,584.0,2090.0,-11.0,3.0,11.40175425099138,,blank,A,answered,True
90,2,45,B,629.0,2086.0,620.0,2090.0,-9.0,4.0,9.848857801796104,,blank,A,answered,True
90,2,45,C,665.0,2085.0,657.0,2089.0,-8.0,4.0,8.94427190999916,,blank,A,answered,True
90,2,45,D,701.0,2085.0,692.0,2089.0,-9.0,4.0,9.848857801796104,,blank,A,answered,True
91,3,1,A,946.0,831.0,947.0,828.0,1.0,-3.0,3.1622776601683795,A,answered,A,answered,False
91,3,1,B,984.0,825.0,982.0,828.0,-2.0,3.0,3.605551275463989,A,answered,A,answered,False
91,3,1,C,1021.0,824.0,1020.0,828.0,-1.0,4.0,4.123105625617661,A,answered,A,answered,False
91,3,1,D,1056.0,824.0,1055.0,827.0,-1.0,3.0,3.1622776601683795,A,answered,A,answered,False
92,3,2,A,946.0,861.0,947.0,858.0,1.0,-3.0,3.1622776601683795,A,answered,A,answered,False
92,3,2,B,982.0,861.0,982.0,858.0,0.0,-3.0,3.0,A,answered,A,answered,False
92,3,2,C,1020.0,854.0,1020.0,857.0,0.0,3.0,3.0,A,answered,A,answered,False
92,3,2,D,1056.0,854.0,1055.0,857.0,-1.0,3.0,3.1622776601683795,A,answered,A,answered,False
93,3,3,A,946.0,880.0,946.0,885.0,0.0,5.0,5.0,B,answered,B,answered,False
93,3,3,B,984.0,880.0,983.0,884.0,-1.0,4.0,4.123105625617661,B,answered,B,answered,False
93,3,3,C,1020.0,880.0,1020.0,885.0,0.0,5.0,5.0,B,answered,B,answered,False
93,3,3,D,1055.0,879.0,1055.0,884.0,0.0,5.0,5.0,B,answered,B,answered,False
94,3,4,A,948.0,909.0,946.0,914.0,-2.0,5.0,5.385164807134504,A,answered,A,answered,False
94,3,4,B,984.0,910.0,982.0,914.0,-2.0,4.0,4.47213595499958,A,answered,A,answered,False
94,3,4,C,1020.0,909.0,1020.0,914.0,0.0,5.0,5.0,A,answered,A,answered,False
94,3,4,D,1055.0,908.0,1054.0,914.0,-1.0,6.0,6.082762530298219,A,answered,A,answered,False
95,3,5,A,948.0,938.0,946.0,944.0,-2.0,6.0,6.324555320336759,A,answered,A,answered,False
95,3,5,B,984.0,938.0,982.0,943.0,-2.0,5.0,5.385164807134504,A,answered,A,answered,False
95,3,5,C,1020.0,938.0,1020.0,943.0,0.0,5.0,5.0,A,answered,A,answered,False
95,3,5,D,1055.0,937.0,1055.0,943.0,0.0,6.0,6.0,A,answered,A,answered,False
96,3,6,A,947.0,964.0,946.0,971.0,-1.0,7.0,7.0710678118654755,A,answered,A,answered,False
96,3,6,B,983.0,964.0,982.0,971.0,-1.0,7.0,7.0710678118654755,A,answered,A,answered,False
96,3,6,C,1020.0,964.0,1020.0,971.0,0.0,7.0,7.0,A,answered,A,answered,False
96,3,6,D,1055.0,963.0,1055.0,970.0,0.0,7.0,7.0,A,answered,A,answered,False
97,3,7,A,948.0,994.0,946.0,1001.0,-2.0,7.0,7.280109889280518,A,answered,A,answered,False
97,3,7,B,983.0,993.0,982.0,1001.0,-1.0,8.0,8.06225774829855,A,answered,A,answered,False
97,3,7,C,1020.0,992.0,1020.0,1000.0,0.0,8.0,8.0,A,answered,A,answered,False
97,3,7,D,1055.0,992.0,1054.0,1000.0,-1.0,8.0,8.06225774829855,A,answered,A,answered,False
98,3,8,A,947.0,1025.0,946.0,1031.0,-1.0,6.0,6.082762530298219,A,answered,A,answered,False
98,3,8,B,983.0,1025.0,982.0,1030.0,-1.0,5.0,5.0990195135927845,A,answered,A,answered,False
98,3,8,C,1020.0,1025.0,1020.0,1030.0,0.0,5.0,5.0,A,answered,A,answered,False
98,3,8,D,1055.0,1025.0,1054.0,1030.0,-1.0,5.0,5.0990195135927845,A,answered,A,answered,False
99,3,9,A,948.0,1046.0,945.0,1058.0,-3.0,12.0,12.36931687685298,B,answered,B,answered,False
99,3,9,B,983.0,1047.0,982.0,1057.0,-1.0,10.0,10.04987562112089,B,answered,B,answered,False
99,3,9,C,1020.0,1047.0,1020.0,1057.0,0.0,10.0,10.0,B,answered,B,answered,False
99,3,9,D,1055.0,1047.0,1054.0,1057.0,-1.0,10.0,10.04987562112089,B,answered,B,answered,False
100,3,10,A,948.0,1077.0,946.0,1087.0,-2.0,10.0,10.198039027185569,C,answered,C,answered,False
100,3,10,B,983.0,1076.0,982.0,1087.0,-1.0,11.0,11.045361017187261,C,answered,C,answered,False
100,3,10,C,1020.0,1076.0,1020.0,1086.0,0.0,10.0,10.0,C,answered,C,answered,False
100,3,10,D,1055.0,1075.0,1054.0,1086.0,-1.0,11.0,11.045361017187261,C,answered,C,answered,False
101,3,11,A,948.0,1106.0,946.0,1116.0,-2.0,10.0,10.198039027185569,A,answered,A,answered,False
101,3,11,B,984.0,1104.0,982.0,1116.0,-2.0,12.0,12.165525060596439,A,answered,A,answered,False
101,3,11,C,1020.0,1105.0,1019.0,1116.0,-1.0,11.0,11.045361017187261,A,answered,A,answered,False
101,3,11,D,1055.0,1104.0,1054.0,1116.0,-1.0,12.0,12.041594578792296,A,answered,A,answered,False
102,3,12,A,948.0,1133.0,946.0,1144.0,-2.0,11.0,11.180339887498949,A,answered,A,answered,False
102,3,12,B,984.0,1131.0,982.0,1144.0,-2.0,13.0,13.152946437965905,A,answered,A,answered,False
102,3,12,C,1020.0,1130.0,1020.0,1144.0,0.0,14.0,14.0,A,answered,A,answered,False
102,3,12,D,1055.0,1130.0,1054.0,1143.0,-1.0,13.0,13.038404810405298,A,answered,A,answered,False
103,3,13,A,948.0,1180.0,945.0,1173.0,-3.0,-7.0,7.615773105863909,A,answered,A,answered,False
103,3,13,B,984.0,1180.0,982.0,1172.0,-2.0,-8.0,8.246211251235321,A,answered,A,answered,False
103,3,13,C,1021.0,1180.0,1019.0,1172.0,-2.0,-8.0,8.246211251235321,A,answered,A,answered,False
103,3,13,D,1055.0,1180.0,1054.0,1172.0,-1.0,-8.0,8.06225774829855,A,answered,A,answered,False
104,3,14,A,948.0,1209.0,945.0,1202.0,-3.0,-7.0,7.615773105863909,A,answered,A,answered,False
104,3,14,B,984.0,1209.0,982.0,1202.0,-2.0,-7.0,7.280109889280518,A,answered,A,answered,False
104,3,14,C,1021.0,1209.0,1019.0,1202.0,-2.0,-7.0,7.280109889280518,A,answered,A,answered,False
104,3,14,D,1055.0,1209.0,1054.0,1202.0,-1.0,-7.0,7.0710678118654755,A,answered,A,answered,False
105,3,15,A,948.0,1238.0,946.0,1230.0,-2.0,-8.0,8.246211251235321,A,answered,A,answered,False
105,3,15,B,984.0,1238.0,982.0,1228.0,-2.0,-10.0,10.198039027185569,A,answered,A,answered,False
105,3,15,C,1021.0,1238.0,1018.0,1229.0,-3.0,-9.0,9.486832980505138,A,answered,A,answered,False
105,3,15,D,1055.0,1238.0,1054.0,1229.0,-1.0,-9.0,9.055385138137417,A,answered,A,answered,False
106,3,16,A,948.0,1267.0,945.0,1258.0,-3.0,-9.0,9.486832980505138,D,answered,A,answered,True
106,3,16,B,984.0,1267.0,982.0,1258.0,-2.0,-9.0,9.219544457292887,D,answered,A,answered,True
106,3,16,C,1021.0,1267.0,1018.0,1258.0,-3.0,-9.0,9.486832980505138,D,answered,A,answered,True
106,3,16,D,1055.0,1267.0,1054.0,1258.0,-1.0,-9.0,9.055385138137417,D,answered,A,answered,True
107,3,17,A,948.0,1297.0,946.0,1287.0,-2.0,-10.0,10.198039027185569,B,answered,D,answered,True
107,3,17,B,984.0,1297.0,982.0,1287.0,-2.0,-10.0,10.198039027185569,B,answered,D,answered,True
107,3,17,C,1021.0,1297.0,1018.0,1287.0,-3.0,-10.0,10.44030650891055,B,answered,D,answered,True
107,3,17,D,1055.0,1296.0,1053.0,1288.0,-2.0,-8.0,8.246211251235321,B,answered,D,answered,True
108,3,18,A,948.0,1324.0,945.0,1314.0,-3.0,-10.0,10.44030650891055,A,answered,B,answered,True
108,3,18,B,984.0,1324.0,982.0,1314.0,-2.0,-10.0,10.198039027185569,A,answered,B,answered,True
108,3,18,C,1021.0,1324.0,1019.0,1314.0,-2.0,-10.0,10.198039027185569,A,answered,B,answered,True
108,3,18,D,1055.0,1324.0,1054.0,1314.0,-1.0,-10.0,10.04987562112089,A,answered,B,answered,True
109,3,19,A,948.0,1353.0,946.0,1343.0,-2.0,-10.0,10.198039027185569,A,answered,A,answered,False
109,3,19,B,984.0,1353.0,982.0,1343.0,-2.0,-10.0,10.198039027185569,A,answered,A,answered,False
109,3,19,C,1021.0,1352.0,1018.0,1343.0,-3.0,-9.0,9.486832980505138,A,answered,A,answered,False
109,3,19,D,1055.0,1352.0,1053.0,1343.0,-2.0,-9.0,9.219544457292887,A,answered,A,answered,False
110,3,20,A,949.0,1381.0,946.0,1371.0,-3.0,-10.0,10.44030650891055,A,answered,A,answered,False
110,3,20,B,984.0,1380.0,982.0,1371.0,-2.0,-9.0,9.219544457292887,A,answered,A,answered,False
110,3,20,C,1021.0,1380.0,1018.0,1371.0,-3.0,-9.0,9.486832980505138,A,answered,A,answered,False
110,3,20,D,1056.0,1380.0,1054.0,1371.0,-2.0,-9.0,9.219544457292887,A,answered,A,answered,False
111,3,21,A,949.0,1410.0,947.0,1399.0,-2.0,-11.0,11.180339887498949,A,answered,A,answered,False
111,3,21,B,984.0,1409.0,982.0,1399.0,-2.0,-10.0,10.198039027185569,A,answered,A,answered,False
111,3,21,C,1021.0,1410.0,1018.0,1399.0,-3.0,-11.0,11.40175425099138,A,answered,A,answered,False
111,3,21,D,1056.0,1410.0,1054.0,1400.0,-2.0,-10.0,10.198039027185569,A,answered,A,answered,False
112,3,22,A,949.0,1437.0,946.0,1428.0,-3.0,-9.0,9.486832980505138,A,answered,A,answered,False
112,3,22,B,988.0,1436.0,982.0,1428.0,-6.0,-8.0,10.0,A,answered,A,answered,False
112,3,22,C,1022.0,1436.0,1019.0,1428.0,-3.0,-8.0,8.54400374531753,A,answered,A,answered,False
112,3,22,D,1056.0,1436.0,1054.0,1428.0,-2.0,-8.0,8.246211251235321,A,answered,A,answered,False
113,3,23,A,949.0,1464.0,946.0,1457.0,-3.0,-7.0,7.615773105863909,A,answered,A,answered,False
113,3,23,B,984.0,1464.0,982.0,1456.0,-2.0,-8.0,8.246211251235321,A,answered,A,answered,False
113,3,23,C,1022.0,1463.0,1019.0,1456.0,-3.0,-7.0,7.615773105863909,A,answered,A,answered,False
113,3,23,D,1056.0,1464.0,1054.0,1456.0,-2.0,-8.0,8.246211251235321,A,answered,A,answered,False
114,3,24,A,950.0,1493.0,946.0,1484.0,-4.0,-9.0,9.848857801796104,A,answered,A,answered,False
114,3,24,B,985.0,1493.0,982.0,1484.0,-3.0,-9.0,9.486832980505138,A,answered,A,answered,False
114,3,24,C,1022.0,1492.0,1018.0,1484.0,-4.0,-8.0,8.94427190999916,A,answered,A,answered,False
114,3,24,D,1056.0,1492.0,1054.0,1484.0,-2.0,-8.0,8.246211251235321,A,answered,A,answered,False
115,3,25,A,949.0,1520.0,946.0,1514.0,-3.0,-6.0,6.708203932499369,MULTIPLE,multiple,A,answered,True
115,3,25,B,985.0,1520.0,982.0,1513.0,-3.0,-7.0,7.615773105863909,MULTIPLE,multiple,A,answered,True
115,3,25,C,1022.0,1520.0,1020.0,1513.0,-2.0,-7.0,7.280109889280518,MULTIPLE,multiple,A,answered,True
115,3,25,D,1056.0,1520.0,1054.0,1513.0,-2.0,-7.0,7.280109889280518,MULTIPLE,multiple,A,answered,True
116,3,26,A,949.0,1548.0,946.0,1541.0,-3.0,-7.0,7.615773105863909,A,answered,MULTIPLE,multiple,True
116,3,26,B,986.0,1548.0,982.0,1542.0,-4.0,-6.0,7.211102550927978,A,answered,MULTIPLE,multiple,True
116,3,26,C,1022.0,1548.0,1019.0,1541.0,-3.0,-7.0,7.615773105863909,A,answered,MULTIPLE,multiple,True
116,3,26,D,1056.0,1548.0,1054.0,1542.0,-2.0,-6.0,6.324555320336759,A,answered,MULTIPLE,multiple,True
117,3,27,A,950.0,1577.0,946.0,1570.0,-4.0,-7.0,8.06225774829855,B,answered,A,answered,True
117,3,27,B,986.0,1576.0,982.0,1570.0,-4.0,-6.0,7.211102550927978,B,answered,A,answered,True
117,3,27,C,1022.0,1576.0,1020.0,1570.0,-2.0,-6.0,6.324555320336759,B,answered,A,answered,True
117,3,27,D,1057.0,1578.0,1054.0,1570.0,-3.0,-8.0,8.54400374531753,B,answered,A,answered,True
118,3,28,A,950.0,1607.0,945.0,1599.0,-5.0,-8.0,9.433981132056603,A,answered,B,answered,True
118,3,28,B,986.0,1604.0,982.0,1599.0,-4.0,-5.0,6.4031242374328485,A,answered,B,answered,True
118,3,28,C,1022.0,1604.0,1020.0,1599.0,-2.0,-5.0,5.385164807134504,A,answered,B,answered,True
118,3,28,D,1057.0,1604.0,1054.0,1599.0,-3.0,-5.0,5.830951894845301,A,answered,B,answered,True
119,3,29,A,950.0,1632.0,946.0,1627.0,-4.0,-5.0,6.4031242374328485,B,answered,A,answered,True
119,3,29,B,986.0,1632.0,982.0,1627.0,-4.0,-5.0,6.4031242374328485,B,answered,A,answered,True
119,3,29,C,1023.0,1632.0,1020.0,1627.0,-3.0,-5.0,5.830951894845301,B,answered,A,answered,True
119,3,29,D,1057.0,1632.0,1054.0,1627.0,-3.0,-5.0,5.830951894845301,B,answered,A,answered,True
120,3,30,A,950.0,1660.0,946.0,1656.0,-4.0,-4.0,5.656854249492381,A,answered,B,answered,True
120,3,30,B,986.0,1660.0,982.0,1656.0,-4.0,-4.0,5.656854249492381,A,answered,B,answered,True
120,3,30,C,1023.0,1660.0,1020.0,1656.0,-3.0,-4.0,5.0,A,answered,B,answered,True
120,3,30,D,1057.0,1660.0,1054.0,1656.0,-3.0,-4.0,5.0,A,answered,B,answered,True
121,3,31,A,950.0,1688.0,946.0,1684.0,-4.0,-4.0,5.656854249492381,A,answered,A,answered,False
121,3,31,B,986.0,1688.0,982.0,1684.0,-4.0,-4.0,5.656854249492381,A,answered,A,answered,False
121,3,31,C,1023.0,1688.0,1020.0,1685.0,-3.0,-3.0,4.242640687119285,A,answered,A,answered,False
121,3,31,D,1058.0,1688.0,1054.0,1685.0,-4.0,-3.0,5.0,A,answered,A,answered,False
122,3,32,A,950.0,1716.0,946.0,1713.0,-4.0,-3.0,5.0,B,answered,A,answered,True
122,3,32,B,986.0,1716.0,982.0,1713.0,-4.0,-3.0,5.0,B,answered,A,answered,True
122,3,32,C,1023.0,1716.0,1020.0,1713.0,-3.0,-3.0,4.242640687119285,B,answered,A,answered,True
122,3,32,D,1058.0,1716.0,1054.0,1714.0,-4.0,-2.0,4.47213595499958,B,answered,A,answered,True
123,3,33,A,950.0,1744.0,946.0,1741.0,-4.0,-3.0,5.0,A,answered,B,answered,True
123,3,33,B,986.0,1744.0,982.0,1742.0,-4.0,-2.0,4.47213595499958,A,answered,B,answered,True
123,3,33,C,1024.0,1744.0,1020.0,1742.0,-4.0,-2.0,4.47213595499958,A,answered,B,answered,True
123,3,33,D,1058.0,1746.0,1054.0,1742.0,-4.0,-4.0,5.656854249492381,A,answered,B,answered,True
124,3,34,A,950.0,1772.0,946.0,1771.0,-4.0,-1.0,4.123105625617661,A,answered,A,answered,False
124,3,34,B,986.0,1772.0,982.0,1770.0,-4.0,-2.0,4.47213595499958,A,answered,A,answered,False
124,3,34,C,1023.0,1771.0,1020.0,1771.0,-3.0,0.0,3.0,A,answered,A,answered,False
124,3,34,D,1058.0,1771.0,1055.0,1770.0,-3.0,-1.0,3.1622776601683795,A,answered,A,answered,False
125,3,35,A,951.0,1800.0,946.0,1799.0,-5.0,-1.0,5.0990195135927845,A,answered,A,answered,False
125,3,35,B,986.0,1800.0,983.0,1798.0,-3.0,-2.0,3.605551275463989,A,answered,A,answered,False
125,3,35,C,1023.0,1800.0,1020.0,1799.0,-3.0,-1.0,3.1622776601683795,A,answered,A,answered,False
125,3,35,D,1058.0,1800.0,1056.0,1799.0,-2.0,-1.0,2.23606797749979,A,answered,A,answered,False
126,3,36,A,951.0,1828.0,947.0,1828.0,-4.0,0.0,4.0,A,answered,A,answered,False
126,3,36,B,986.0,1829.0,982.0,1828.0,-4.0,-1.0,4.123105625617661,A,answered,A,answered,False
126,3,36,C,1024.0,1829.0,1020.0,1828.0,-4.0,-1.0,4.123105625617661,A,answered,A,answered,False
126,3,36,D,1058.0,1828.0,1055.0,1828.0,-3.0,0.0,3.0,A,answered,A,answered,False
127,3,37,A,950.0,1856.0,947.0,1857.0,-3.0,1.0,3.1622776601683795,A,answered,A,answered,False
127,3,37,B,987.0,1855.0,983.0,1857.0,-4.0,2.0,4.47213595499958,A,answered,A,answered,False
127,3,37,C,1024.0,1856.0,1020.0,1858.0,-4.0,2.0,4.47213595499958,A,answered,A,answered,False
127,3,37,D,1059.0,1855.0,1056.0,1858.0,-3.0,3.0,4.242640687119285,A,answered,A,answered,False
128,3,38,A,950.0,1884.0,946.0,1885.0,-4.0,1.0,4.123105625617661,A,answered,A,answered,False
128,3,38,B,986.0,1884.0,982.0,1886.0,-4.0,2.0,4.47213595499958,A,answered,A,answered,False
128,3,38,C,1024.0,1884.0,1020.0,1886.0,-4.0,2.0,4.47213595499958,A,answered,A,answered,False
128,3,38,D,1058.0,1884.0,1056.0,1886.0,-2.0,2.0,2.8284271247461903,A,answered,A,answered,False
129,3,39,A,951.0,1912.0,946.0,1915.0,-5.0,3.0,5.830951894845301,A,answered,A,answered,False
129,3,39,B,987.0,1913.0,983.0,1915.0,-4.0,2.0,4.47213595499958,A,answered,A,answered,False
129,3,39,C,1024.0,1913.0,1020.0,1915.0,-4.0,2.0,4.47213595499958,A,answered,A,answered,False
129,3,39,D,1058.0,1912.0,1056.0,1916.0,-2.0,4.0,4.47213595499958,A,answered,A,answered,False
130,3,40,A,950.0,1940.0,946.0,1945.0,-4.0,5.0,6.4031242374328485,A,answered,A,answered,False
130,3,40,B,987.0,1939.0,984.0,1944.0,-3.0,5.0,5.830951894845301,A,answered,A,answered,False
130,3,40,C,1024.0,1940.0,1020.0,1944.0,-4.0,4.0,5.656854249492381,A,answered,A,answered,False
130,3,40,D,1059.0,1940.0,1056.0,1944.0,-3.0,4.0,5.0,A,answered,A,answered,False
131,3,41,A,951.0,1968.0,946.0,1972.0,-5.0,4.0,6.4031242374328485,MULTIPLE,multiple,A,answered,True
131,3,41,B,987.0,1968.0,983.0,1972.0,-4.0,4.0,5.656854249492381,MULTIPLE,multiple,A,answered,True
131,3,41,C,1023.0,1968.0,1020.0,1973.0,-3.0,5.0,5.830951894845301,MULTIPLE,multiple,A,answered,True
131,3,41,D,1059.0,1968.0,1056.0,1973.0,-3.0,5.0,5.830951894845301,MULTIPLE,multiple,A,answered,True
132,3,42,A,951.0,1997.0,946.0,2002.0,-5.0,5.0,7.0710678118654755,A,answered,MULTIPLE,multiple,True
132,3,42,B,987.0,1996.0,984.0,2002.0,-3.0,6.0,6.708203932499369,A,answered,MULTIPLE,multiple,True
132,3,42,C,1024.0,1997.0,1021.0,2002.0,-3.0,5.0,5.830951894845301,A,answered,MULTIPLE,multiple,True
132,3,42,D,1058.0,1997.0,1056.0,2002.0,-2.0,5.0,5.385164807134504,A,answered,MULTIPLE,multiple,True
133,3,43,A,951.0,2023.0,946.0,2032.0,-5.0,9.0,10.295630140987,,ambiguous,A,answered,True
133,3,43,B,987.0,2023.0,983.0,2032.0,-4.0,9.0,9.848857801796104,,ambiguous,A,answered,True
133,3,43,C,1024.0,2024.0,1021.0,2032.0,-3.0,8.0,8.54400374531753,,ambiguous,A,answered,True
133,3,43,D,1059.0,2024.0,1056.0,2032.0,-3.0,8.0,8.54400374531753,,ambiguous,A,answered,True
134,3,44,A,951.0,2052.0,946.0,2060.0,-5.0,8.0,9.433981132056603,,blank,,ambiguous,True
134,3,44,B,987.0,2052.0,984.0,2060.0,-3.0,8.0,8.54400374531753,,blank,,ambiguous,True
134,3,44,C,1024.0,2052.0,1021.0,2060.0,-3.0,8.0,8.54400374531753,,blank,,ambiguous,True
134,3,44,D,1059.0,2052.0,1056.0,2060.0,-3.0,8.0,8.54400374531753,,blank,,ambiguous,True
135,3,45,A,951.0,2080.0,946.0,2089.0,-5.0,9.0,10.295630140987,,blank,,ambiguous,True
135,3,45,B,987.0,2080.0,984.0,2089.0,-3.0,9.0,9.486832980505138,,blank,,ambiguous,True
135,3,45,C,1024.0,2080.0,1022.0,2090.0,-2.0,10.0,10.198039027185569,,blank,,ambiguous,True
135,3,45,D,1059.0,2079.0,1056.0,2090.0,-3.0,11.0,11.40175425099138,,blank,,ambiguous,True
136,4,1,A,1312.0,818.0,1312.0,824.0,0.0,6.0,6.0,A,answered,A,answered,False
136,4,1,B,1344.0,818.0,1348.0,824.0,4.0,6.0,7.211102550927978,A,answered,A,answered,False
136,4,1,C,1382.0,818.0,1385.0,824.0,3.0,6.0,6.708203932499369,A,answered,A,answered,False
136,4,1,D,1416.0,819.0,1420.0,824.0,4.0,5.0,6.4031242374328485,A,answered,A,answered,False
137,4,2,A,1311.0,848.0,1314.0,854.0,3.0,6.0,6.708203932499369,A,answered,A,answered,False
137,4,2,B,1344.0,848.0,1348.0,852.0,4.0,4.0,5.656854249492381,A,answered,A,answered,False
137,4,2,C,1382.0,848.0,1384.0,854.0,2.0,6.0,6.324555320336759,A,answered,A,answered,False
137,4,2,D,1414.0,848.0,1420.0,855.0,6.0,7.0,9.219544457292887,A,answered,A,answered,False
138,4,3,A,1311.0,874.0,1314.0,882.0,3.0,8.0,8.54400374531753,B,answered,B,answered,False
138,4,3,B,1346.0,874.0,1349.0,882.0,3.0,8.0,8.54400374531753,B,answered,B,answered,False
138,4,3,C,1381.0,874.0,1384.0,882.0,3.0,8.0,8.54400374531753,B,answered,B,answered,False
138,4,3,D,1414.0,875.0,1420.0,882.0,6.0,7.0,9.219544457292887,B,answered,B,answered,False
139,4,4,A,1311.0,903.0,1313.0,912.0,2.0,9.0,9.219544457292887,A,answered,A,answered,False
139,4,4,B,1344.0,904.0,1348.0,911.0,4.0,7.0,8.06225774829855,A,answered,A,answered,False
139,4,4,C,1380.0,904.0,1384.0,911.0,4.0,7.0,8.06225774829855,A,answered,A,answered,False
139,4,4,D,1414.0,904.0,1420.0,912.0,6.0,8.0,10.0,A,answered,A,answered,False
140,4,5,A,1311.0,932.0,1314.0,942.0,3.0,10.0,10.44030650891055,A,answered,A,answered,False
140,4,5,B,1346.0,932.0,1348.0,941.0,2.0,9.0,9.219544457292887,A,answered,A,answered,False
140,4,5,C,1380.0,932.0,1384.0,940.0,4.0,8.0,8.94427190999916,A,answered,A,answered,False
140,4,5,D,1414.0,933.0,1420.0,941.0,6.0,8.0,10.0,A,answered,A,answered,False
141,4,6,A,1310.0,960.0,1312.0,970.0,2.0,10.0,10.198039027185569,A,answered,A,answered,False
141,4,6,B,1345.0,959.0,1348.0,969.0,3.0,10.0,10.44030650891055,A,answered,A,answered,False
141,4,6,C,1380.0,958.0,1384.0,968.0,4.0,10.0,10.770329614269007,A,answered,A,answered,False
141,4,6,D,1414.0,959.0,1418.0,969.0,4.0,10.0,10.770329614269007,A,answered,A,answered,False
142,4,7,A,1310.0,998.0,1312.0,999.0,2.0,1.0,2.23606797749979,B,answered,B,answered,False
142,4,7,B,1344.0,998.0,1348.0,999.0,4.0,1.0,4.123105625617661,B,answered,B,answered,False
142,4,7,C,1379.0,998.0,1384.0,998.0,5.0,0.0,5.0,B,answered,B,answered,False
142,4,7,D,1413.0,998.0,1418.0,998.0,5.0,0.0,5.0,B,answered,B,answered,False
143,4,8,A,1309.0,1037.0,1312.0,1028.0,3.0,-9.0,9.486832980505138,A,answered,A,answered,False
143,4,8,B,1345.0,1037.0,1347.0,1028.0,2.0,-9.0,9.219544457292887,A,answered,A,answered,False
143,4,8,C,1379.0,1037.0,1383.0,1027.0,4.0,-10.0,10.770329614269007,A,answered,A,answered,False
143,4,8,D,1413.0,1037.0,1418.0,1028.0,5.0,-9.0,10.295630140987,A,answered,A,answered,False
144,4,9,A,1309.0,1066.0,1311.0,1056.0,2.0,-10.0,10.198039027185569,A,answered,A,answered,False
144,4,9,B,1345.0,1066.0,1347.0,1056.0,2.0,-10.0,10.198039027185569,A,answered,A,answered,False
144,4,9,C,1379.0,1066.0,1384.0,1055.0,5.0,-11.0,12.083045973594572,A,answered,A,answered,False
144,4,9,D,1412.0,1066.0,1418.0,1055.0,6.0,-11.0,12.529964086141668,A,answered,A,answered,False
145,4,10,A,1309.0,1096.0,1312.0,1086.0,3.0,-10.0,10.44030650891055,A,answered,A,answered,False
145,4,10,B,1345.0,1096.0,1346.0,1084.0,1.0,-12.0,12.041594578792296,A,answered,A,answered,False
145,4,10,C,1379.0,1096.0,1382.0,1084.0,3.0,-12.0,12.36931687685298,A,answered,A,answered,False
145,4,10,D,1412.0,1096.0,1418.0,1084.0,6.0,-12.0,13.416407864998739,A,answered,A,answered,False
146,4,11,A,1309.0,1125.0,1312.0,1115.0,3.0,-10.0,10.44030650891055,A,answered,A,answered,False
146,4,11,B,1345.0,1125.0,1346.0,1114.0,1.0,-11.0,11.045361017187261,A,answered,A,answered,False
146,4,11,C,1379.0,1125.0,1382.0,1114.0,3.0,-11.0,11.40175425099138,A,answered,A,answered,False
146,4,11,D,1412.0,1125.0,1418.0,1114.0,6.0,-11.0,12.529964086141668,A,answered,A,answered,False
147,4,12,A,1309.0,1152.0,1310.0,1143.0,1.0,-9.0,9.055385138137417,B,answered,A,answered,True
147,4,12,B,1345.0,1152.0,1346.0,1142.0,1.0,-10.0,10.04987562112089,B,answered,A,answered,True
147,4,12,C,1379.0,1152.0,1382.0,1142.0,3.0,-10.0,10.44030650891055,B,answered,A,answered,True
147,4,12,D,1412.0,1152.0,1418.0,1142.0,6.0,-10.0,11.661903789690601,B,answered,A,answered,True
148,4,13,A,1309.0,1182.0,1311.0,1172.0,2.0,-10.0,10.198039027185569,A,answered,B,answered,True
148,4,13,B,1345.0,1182.0,1346.0,1172.0,1.0,-10.0,10.04987562112089,A,answered,B,answered,True
148,4,13,C,1379.0,1182.0,1382.0,1170.0,3.0,-12.0,12.36931687685298,A,answered,B,answered,True
148,4,13,D,1412.0,1182.0,1418.0,1171.0,6.0,-11.0,12.529964086141668,A,answered,B,answered,True
149,4,14,A,1309.0,1211.0,1310.0,1201.0,1.0,-10.0,10.04987562112089,A,answered,A,answered,False
149,4,14,B,1344.0,1210.0,1346.0,1200.0,2.0,-10.0,10.198039027185569,A,answered,A,answered,False
149,4,14,C,1378.0,1210.0,1382.0,1200.0,4.0,-10.0,10.770329614269007,A,answered,A,answered,False
149,4,14,D,1412.0,1211.0,1418.0,1200.0,6.0,-11.0,12.529964086141668,A,answered,A,answered,False
150,4,15,A,1309.0,1239.0,1310.0,1228.0,1.0,-11.0,11.045361017187261,A,answered,A,answered,False
150,4,15,B,1345.0,1239.0,1346.0,1228.0,1.0,-11.0,11.045361017187261,A,answered,A,answered,False
150,4,15,C,1379.0,1239.0,1382.0,1228.0,3.0,-11.0,11.40175425099138,A,answered,A,answered,False
150,4,15,D,1412.0,1238.0,1418.0,1228.0,6.0,-10.0,11.661903789690601,A,answered,A,answered,False
151,4,16,A,1310.0,1268.0,1310.0,1258.0,0.0,-10.0,10.0,A,answered,A,answered,False
151,4,16,B,1344.0,1268.0,1346.0,1256.0,2.0,-12.0,12.165525060596439,A,answered,A,answered,False
151,4,16,C,1378.0,1268.0,1382.0,1256.0,4.0,-12.0,12.649110640673518,A,answered,A,answered,False
151,4,16,D,1412.0,1268.0,1418.0,1256.0,6.0,-12.0,13.416407864998739,A,answered,A,answered,False
152,4,17,A,1311.0,1295.0,1310.0,1286.0,-1.0,-9.0,9.055385138137417,A,answered,A,answered,False
152,4,17,B,1344.0,1294.0,1346.0,1286.0,2.0,-8.0,8.246211251235321,A,answered,A,answered,False
152,4,17,C,1378.0,1294.0,1382.0,1286.0,4.0,-8.0,8.94427190999916,A,answered,A,answered,False
152,4,17,D,1412.0,1294.0,1418.0,1286.0,6.0,-8.0,10.0,A,answered,A,answered,False
153,4,18,A,1310.0,1324.0,1311.0,1314.0,1.0,-10.0,10.04987562112089,MULTIPLE,multiple,A,answered,True
153,4,18,B,1344.0,1324.0,1346.0,1314.0,2.0,-10.0,10.198039027185569,MULTIPLE,multiple,A,answered,True
153,4,18,C,1379.0,1322.0,1382.0,1313.0,3.0,-9.0,9.486832980505138,MULTIPLE,multiple,A,answered,True
153,4,18,D,1413.0,1322.0,1418.0,1314.0,5.0,-8.0,9.433981132056603,MULTIPLE,multiple,A,answered,True
154,4,19,A,1309.0,1351.0,1310.0,1344.0,1.0,-7.0,7.0710678118654755,A,answered,MULTIPLE,multiple,True
154,4,19,B,1344.0,1350.0,1346.0,1342.0,2.0,-8.0,8.246211251235321,A,answered,MULTIPLE,multiple,True
154,4,19,C,1380.0,1350.0,1382.0,1343.0,2.0,-7.0,7.280109889280518,A,answered,MULTIPLE,multiple,True
154,4,19,D,1413.0,1350.0,1418.0,1342.0,5.0,-8.0,9.433981132056603,A,answered,MULTIPLE,multiple,True
155,4,20,A,1310.0,1378.0,1310.0,1371.0,0.0,-7.0,7.0,B,answered,A,answered,True
155,4,20,B,1344.0,1378.0,1346.0,1371.0,2.0,-7.0,7.280109889280518,B,answered,A,answered,True
155,4,20,C,1380.0,1378.0,1382.0,1370.0,2.0,-8.0,8.246211251235321,B,answered,A,answered,True
155,4,20,D,1413.0,1378.0,1418.0,1370.0,5.0,-8.0,9.433981132056603,B,answered,A,answered,True
156,4,21,A,1310.0,1407.0,1310.0,1399.0,0.0,-8.0,8.0,A,answered,B,answered,True
156,4,21,B,1345.0,1407.0,1346.0,1399.0,1.0,-8.0,8.06225774829855,A,answered,B,answered,True
156,4,21,C,1380.0,1406.0,1382.0,1400.0,2.0,-6.0,6.324555320336759,A,answered,B,answered,True
156,4,21,D,1414.0,1406.0,1418.0,1399.0,4.0,-7.0,8.06225774829855,A,answered,B,answered,True
157,4,22,A,1311.0,1435.0,1310.0,1428.0,-1.0,-7.0,7.0710678118654755,A,answered,A,answered,False
157,4,22,B,1345.0,1434.0,1346.0,1428.0,1.0,-6.0,6.082762530298219,A,answered,A,answered,False
157,4,22,C,1380.0,1434.0,1382.0,1428.0,2.0,-6.0,6.324555320336759,A,answered,A,answered,False
157,4,22,D,1414.0,1434.0,1418.0,1428.0,4.0,-6.0,7.211102550927978,A,answered,A,answered,False
158,4,23,A,1311.0,1462.0,1310.0,1457.0,-1.0,-5.0,5.0990195135927845,B,answered,A,answered,True
158,4,23,B,1346.0,1462.0,1346.0,1456.0,0.0,-6.0,6.0,B,answered,A,answered,True
158,4,23,C,1380.0,1461.0,1382.0,1456.0,2.0,-5.0,5.385164807134504,B,answered,A,answered,True
158,4,23,D,1414.0,1462.0,1418.0,1457.0,4.0,-5.0,6.4031242374328485,B,answered,A,answered,True
159,4,24,A,1312.0,1491.0,1310.0,1485.0,-2.0,-6.0,6.324555320336759,A,answered,B,answered,True
159,4,24,B,1346.0,1490.0,1346.0,1485.0,0.0,-5.0,5.0,A,answered,B,answered,True
159,4,24,C,1380.0,1490.0,1382.0,1485.0,2.0,-5.0,5.385164807134504,A,answered,B,answered,True
159,4,24,D,1414.0,1490.0,1418.0,1485.0,4.0,-5.0,6.4031242374328485,A,answered,B,answered,True
160,4,25,A,1312.0,1518.0,1311.0,1514.0,-1.0,-4.0,4.123105625617661,A,answered,A,answered,False
160,4,25,B,1346.0,1518.0,1346.0,1514.0,0.0,-4.0,4.0,A,answered,A,answered,False
160,4,25,C,1380.0,1518.0,1382.0,1514.0,2.0,-4.0,4.47213595499958,A,answered,A,answered,False
160,4,25,D,1414.0,1518.0,1418.0,1514.0,4.0,-4.0,5.656854249492381,A,answered,A,answered,False
161,4,26,A,1311.0,1546.0,1312.0,1542.0,1.0,-4.0,4.123105625617661,A,answered,A,answered,False
161,4,26,B,1346.0,1546.0,1346.0,1542.0,0.0,-4.0,4.0,A,answered,A,answered,False
161,4,26,C,1380.0,1546.0,1382.0,1542.0,2.0,-4.0,4.47213595499958,A,answered,A,answered,False
161,4,26,D,1414.0,1546.0,1418.0,1542.0,4.0,-4.0,5.656854249492381,A,answered,A,answered,False
162,4,27,A,1312.0,1575.0,1311.0,1571.0,-1.0,-4.0,4.123105625617661,A,answered,A,answered,False
162,4,27,B,1346.0,1574.0,1346.0,1571.0,0.0,-3.0,3.0,A,answered,A,answered,False
162,4,27,C,1380.0,1574.0,1382.0,1571.0,2.0,-3.0,3.605551275463989,A,answered,A,answered,False
162,4,27,D,1414.0,1574.0,1418.0,1572.0,4.0,-2.0,4.47213595499958,A,answered,A,answered,False
163,4,28,A,1312.0,1603.0,1312.0,1600.0,0.0,-3.0,3.0,A,answered,A,answered,False
163,4,28,B,1346.0,1602.0,1346.0,1600.0,0.0,-2.0,2.0,A,answered,A,answered,False
163,4,28,C,1381.0,1602.0,1383.0,1600.0,2.0,-2.0,2.8284271247461903,A,answered,A,answered,False
163,4,28,D,1414.0,1601.0,1418.0,1600.0,4.0,-1.0,4.123105625617661,A,answered,A,answered,False
164,4,29,A,1312.0,1630.0,1312.0,1628.0,0.0,-2.0,2.0,B,answered,A,answered,True
164,4,29,B,1346.0,1630.0,1346.0,1628.0,0.0,-2.0,2.0,B,answered,A,answered,True
164,4,29,C,1382.0,1630.0,1384.0,1628.0,2.0,-2.0,2.8284271247461903,B,answered,A,answered,True
164,4,29,D,1415.0,1628.0,1418.0,1629.0,3.0,1.0,3.1622776601683795,B,answered,A,answered,True
165,4,30,A,1312.0,1659.0,1312.0,1657.0,0.0,-2.0,2.0,A,answered,B,answered,True
165,4,30,B,1346.0,1659.0,1346.0,1657.0,0.0,-2.0,2.0,A,answered,B,answered,True
165,4,30,C,1381.0,1658.0,1384.0,1657.0,3.0,-1.0,3.1622776601683795,A,answered,B,answered,True
165,4,30,D,1415.0,1658.0,1419.0,1657.0,4.0,-1.0,4.123105625617661,A,answered,B,answered,True
166,4,31,A,1312.0,1688.0,1312.0,1686.0,0.0,-2.0,2.0,C,answered,A,answered,True
166,4,31,B,1346.0,1686.0,1347.0,1686.0,1.0,0.0,1.0,C,answered,A,answered,True
166,4,31,C,1381.0,1686.0,1384.0,1686.0,3.0,0.0,3.0,C,answered,A,answered,True
166,4,31,D,1415.0,1685.0,1419.0,1686.0,4.0,1.0,4.123105625617661,C,answered,A,answered,True
167,4,32,A,1312.0,1715.0,1312.0,1714.0,0.0,-1.0,1.0,A,answered,C,answered,True
167,4,32,B,1346.0,1714.0,1348.0,1715.0,2.0,1.0,2.23606797749979,A,answered,C,answered,True
167,4,32,C,1382.0,1713.0,1384.0,1715.0,2.0,2.0,2.8284271247461903,A,answered,C,answered,True
167,4,32,D,1415.0,1712.0,1420.0,1715.0,5.0,3.0,5.830951894845301,A,answered,C,answered,True
168,4,33,A,1312.0,1744.0,1312.0,1744.0,0.0,0.0,0.0,B,answered,A,answered,True
168,4,33,B,1347.0,1744.0,1348.0,1743.0,1.0,-1.0,1.4142135623730951,B,answered,A,answered,True
168,4,33,C,1382.0,1742.0,1384.0,1743.0,2.0,1.0,2.23606797749979,B,answered,A,answered,True
168,4,33,D,1415.0,1741.0,1420.0,1744.0,5.0,3.0,5.830951894845301,B,answered,A,answered,True
169,4,34,A,1313.0,1770.0,1313.0,1772.0,0.0,2.0,2.0,A,answered,B,answered,True
169,4,34,B,1347.0,1770.0,1348.0,1772.0,1.0,2.0,2.23606797749979,A,answered,B,answered,True
169,4,34,C,1382.0,1768.0,1384.0,1772.0,2.0,4.0,4.47213595499958,A,answered,B,answered,True
169,4,34,D,1415.0,1767.0,1420.0,1773.0,5.0,6.0,7.810249675906654,A,answered,B,answered,True
170,4,35,A,1314.0,1799.0,1314.0,1800.0,0.0,1.0,1.0,B,answered,A,answered,True
170,4,35,B,1348.0,1798.0,1348.0,1800.0,0.0,2.0,2.0,B,answered,A,answered,True
170,4,35,C,1382.0,1796.0,1384.0,1800.0,2.0,4.0,4.47213595499958,B,answered,A,answered,True
170,4,35,D,1415.0,1796.0,1420.0,1801.0,5.0,5.0,7.0710678118654755,B,answered,A,answered,True
171,4,36,A,1314.0,1828.0,1314.0,1830.0,0.0,2.0,2.0,B,answered,B,answered,False
171,4,36,B,1348.0,1826.0,1349.0,1830.0,1.0,4.0,4.123105625617661,B,answered,B,answered,False
171,4,36,C,1382.0,1826.0,1385.0,1830.0,3.0,4.0,5.0,B,answered,B,answered,False
171,4,36,D,1415.0,1824.0,1420.0,1830.0,5.0,6.0,7.810249675906654,B,answered,B,answered,False
172,4,37,A,1312.0,1855.0,1314.0,1860.0,2.0,5.0,5.385164807134504,A,answered,,ambiguous,True
172,4,37,B,1347.0,1853.0,1349.0,1860.0,2.0,7.0,7.280109889280518,A,answered,,ambiguous,True
172,4,37,C,1382.0,1852.0,1385.0,1860.0,3.0,8.0,8.54400374531753,A,answered,,ambiguous,True
172,4,37,D,1415.0,1850.0,1420.0,1860.0,5.0,10.0,11.180339887498949,A,answered,,ambiguous,True
173,4,38,A,1314.0,1884.0,1312.0,1887.0,-2.0,3.0,3.605551275463989,A,answered,A,answered,False
173,4,38,B,1347.0,1882.0,1349.0,1888.0,2.0,6.0,6.324555320336759,A,answered,A,answered,False
173,4,38,C,1382.0,1880.0,1385.0,1887.0,3.0,7.0,7.615773105863909,A,answered,A,answered,False
173,4,38,D,1415.0,1879.0,1420.0,1888.0,5.0,9.0,10.295630140987,A,answered,A,answered,False
174,4,39,A,1314.0,1912.0,1314.0,1916.0,0.0,4.0,4.0,A,answered,A,answered,False
174,4,39,B,1348.0,1910.0,1348.0,1916.0,0.0,6.0,6.0,A,answered,A,answered,False
174,4,39,C,1382.0,1909.0,1385.0,1916.0,3.0,7.0,7.615773105863909,A,answered,A,answered,False
174,4,39,D,1415.0,1909.0,1420.0,1917.0,5.0,8.0,9.433981132056603,A,answered,A,answered,False
175,4,40,A,1313.0,1938.0,1314.0,1946.0,1.0,8.0,8.06225774829855,A,answered,A,answered,False
175,4,40,B,1346.0,1938.0,1350.0,1946.0,4.0,8.0,8.94427190999916,A,answered,A,answered,False
175,4,40,C,1382.0,1936.0,1385.0,1946.0,3.0,10.0,10.44030650891055,A,answered,A,answered,False
175,4,40,D,1416.0,1934.0,1420.0,1946.0,4.0,12.0,12.649110640673518,A,answered,A,answered,False
176,4,41,A,1312.0,1967.0,1314.0,1974.0,2.0,7.0,7.280109889280518,A,answered,A,answered,False
176,4,41,B,1348.0,1966.0,1349.0,1974.0,1.0,8.0,8.06225774829855,A,answered,A,answered,False
176,4,41,C,1381.0,1964.0,1384.0,1974.0,3.0,10.0,10.44030650891055,A,answered,A,answered,False
176,4,41,D,1415.0,1963.0,1420.0,1974.0,5.0,11.0,12.083045973594572,A,answered,A,answered,False
177,4,42,A,1313.0,1996.0,1315.0,2004.0,2.0,8.0,8.246211251235321,B,answered,A,answered,True
177,4,42,B,1348.0,1993.0,1349.0,2004.0,1.0,11.0,11.045361017187261,B,answered,A,answered,True
177,4,42,C,1381.0,1992.0,1384.0,2004.0,3.0,12.0,12.36931687685298,B,answered,A,answered,True
177,4,42,D,1416.0,1991.0,1420.0,2004.0,4.0,13.0,13.601470508735444,B,answered,A,answered,True
178,4,43,A,1311.0,2022.0,1314.0,2034.0,3.0,12.0,12.36931687685298,A,answered,B,answered,True
178,4,43,B,1346.0,2020.0,1350.0,2033.0,4.0,13.0,13.601470508735444,A,answered,B,answered,True
178,4,43,C,1380.0,2019.0,1384.0,2033.0,4.0,14.0,14.560219778561036,A,answered,B,answered,True
178,4,43,D,1414.0,2019.0,1420.0,2034.0,6.0,15.0,16.15549442140351,A,answered,B,answered,True
179,4,44,A,1312.0,2052.0,1313.0,2061.0,1.0,9.0,9.055385138137417,A,answered,A,answered,False
179,4,44,B,1347.0,2048.0,1350.0,2061.0,3.0,13.0,13.341664064126334,A,answered,A,answered,False
179,4,44,C,1381.0,2047.0,1385.0,2061.0,4.0,14.0,14.560219778561036,A,answered,A,answered,False
179,4,44,D,1414.0,2047.0,1421.0,2061.0,7.0,14.0,15.652475842498529,A,answered,A,answered,False
180,4,45,A,1311.0,2080.0,1314.0,2092.0,3.0,12.0,12.36931687685298,,blank,A,answered,True
180,4,45,B,1346.0,2080.0,1350.0,2090.0,4.0,10.0,10.770329614269007,,blank,A,answered,True
180,4,45,C,1380.0,2080.0,1385.0,2090.0,5.0,10.0,11.180339887498949,,blank,A,answered,True
180,4,45,D,1413.0,2080.0,1421.0,2090.0,8.0,10.0,12.806248474865697,,blank,A,answered,True
